FIPCO,TotPop
"5-DIGIT COUNTY FIPS CD" ,"Total Persons"
,248709873
,50809229
,59668632
,85445930
,52786082
,13206943
,37602286
,42008942
,17659690
,43566853
,15176284
,26702793
,13658776
,39127306
,4040587
,550043
,3665228
,2350725
,29760021
,3294394
,3287116
,666168
,606900
,12937926
,6478216
,1108229
,1006749
,11430602
,5544159
,2776755
,2477574
,3685296
,4219973
,1227928
,4781468
,6016425
,9295297
,4375099
,2573216
,5117073
,799065
,1578385
,1201833
,1109252
,7730188
,1515069
,17990455
,6628637
,638800
,10847115
,3145585
,2842321
,11881643
,1003464
,3486703
,696004
,4877185
,16986510
,1722850
,562758
,6187358
,4866692
,1793477
,4891769
,453588
01001,34222
01003,98280
01005,25417
01007,16576
01009,39248
01011,11042
01013,21892
01015,116034
01017,36876
01019,19543
01021,32458
01023,16018
01025,27240
01027,13252
01029,12730
01031,40240
01033,51666
01035,14054
01037,11063
01039,36478
01041,13635
01043,67613
01045,49633
01047,48130
01049,54651
01051,49210
01053,35518
01055,99840
01057,17962
01059,27814
01061,23647
01063,10153
01065,15498
01067,15374
01069,81331
01071,47796
01073,651525
01075,15715
01077,79661
01079,31513
01081,87146
01083,54135
01085,12658
01087,24928
01089,238912
01091,23084
01093,29830
01095,70832
01097,378643
01099,23968
01101,209085
01103,100043
01105,12759
01107,20699
01109,27595
01111,19881
01113,46860
01115,50009
01117,99358
01119,16174
01121,74107
01123,38826
01125,150522
01127,67670
01129,16694
01131,13568
01133,22053
02013,2464
02016,9478
02020,226338
02050,13656
02060,1410
02070,4012
02090,77720
02100,2117
02110,26751
02122,40802
02130,13828
02150,13309
02164,1668
02170,39683
02180,8288
02185,5979
02188,6113
02201,6278
02220,8588
02231,4385
02240,5913
02261,9952
02270,5791
02280,7042
02290,8478
04001,61591
04003,97624
04005,96591
04007,40216
04009,26554
04011,8008
04012,13844
04013,2122101
04015,93497
04017,77658
04019,666880
04021,116379
04023,29676
04025,107714
04027,106895
05001,21653
05003,24319
05005,31186
05007,97499
05009,28297
05011,11793
05013,5826
05015,18654
05017,15713
05019,21437
05021,18107
05023,19411
05025,7781
05027,25691
05029,19151
05031,68956
05033,42493
05035,49939
05037,19225
05039,9614
05041,16798
05043,17369
05045,60006
05047,14897
05049,10037
05051,73397
05053,13948
05055,31804
05057,21621
05059,26115
05061,13569
05063,31192
05065,11364
05067,18944
05069,85487
05071,18221
05073,9643
05075,17457
05077,13053
05079,13690
05081,13966
05083,20557
05085,39268
05087,11618
05089,12001
05091,38467
05093,57525
05095,11333
05097,7841
05099,10101
05101,7666
05103,30574
05105,7969
05107,28838
05109,10086
05111,24664
05113,17347
05115,45883
05117,9518
05119,349660
05121,16558
05123,28497
05125,64183
05127,10205
05129,7841
05131,99590
05133,13637
05135,14109
05137,9775
05139,46719
05141,14008
05143,113409
05145,54676
05147,9520
05149,17759
06001,1279182
06003,1113
06005,30039
06007,182120
06009,31998
06011,16275
06013,803732
06015,23460
06017,125995
06019,667490
06021,24798
06023,119118
06025,109303
06027,18281
06029,543477
06031,101469
06033,50631
06035,27598
06037,8863164
06039,88090
06041,230096
06043,14302
06045,80345
06047,178403
06049,9678
06051,9956
06053,355660
06055,110765
06057,78510
06059,2410556
06061,172796
06063,19739
06065,1170413
06067,1041219
06069,36697
06071,1418380
06073,2498016
06075,723959
06077,480628
06079,217162
06081,649623
06083,369608
06085,1497577
06087,229734
06089,147036
06091,3318
06093,43531
06095,340421
06097,388222
06099,370522
06101,64415
06103,49625
06105,13063
06107,311921
06109,48456
06111,669016
06113,141092
06115,58228
08001,265038
08003,13617
08005,391511
08007,5345
08009,4556
08011,5048
08013,225339
08015,12684
08017,2397
08019,7619
08021,7453
08023,3190
08025,3946
08027,1926
08029,20980
08031,467610
08033,1504
08035,60391
08037,21928
08039,9646
08041,397014
08043,32273
08045,29974
08047,3070
08049,7966
08051,10273
08053,467
08055,6009
08057,1605
08059,438430
08061,1688
08063,7140
08065,6007
08067,32284
08069,186136
08071,13765
08073,4529
08075,17567
08077,93145
08079,558
08081,11357
08083,18672
08085,24423
08087,21939
08089,20185
08091,2295
08093,7174
08095,4189
08097,12661
08099,13347
08101,123051
08103,5972
08105,10770
08107,14088
08109,4619
08111,745
08113,3653
08115,2690
08117,12881
08119,12468
08121,4812
08123,131821
08125,8954
09001,827645
09003,851783
09005,174092
09007,143196
09009,804219
09011,254957
09013,128699
09015,102525
10001,110993
10003,441946
10005,113229
11001,606900
12001,181596
12003,18486
12005,126994
12007,22515
12009,398978
12011,1255488
12013,11011
12015,110975
12017,93515
12019,105986
12021,152099
12023,42613
12025,1937094
12027,23865
12029,10585
12031,672971
12033,262798
12035,28701
12037,8967
12039,41105
12041,9667
12043,7591
12045,11504
12047,10930
12049,19499
12051,25773
12053,101115
12055,68432
12057,834054
12059,15778
12061,90208
12063,41375
12065,11296
12067,5578
12069,152104
12071,335113
12073,192493
12075,25923
12077,5569
12079,16569
12081,211707
12083,194833
12085,100900
12087,78024
12089,43941
12091,143776
12093,29627
12095,677491
12097,107728
12099,863518
12101,281131
12103,851659
12105,405382
12107,65070
12109,83829
12111,150171
12113,81608
12115,277776
12117,287529
12119,31577
12121,26780
12123,17111
12125,10252
12127,370712
12129,14202
12131,27760
12133,16919
13001,15744
13003,6213
13005,9566
13007,3615
13009,39530
13011,10308
13013,29721
13015,55911
13017,16245
13019,14153
13021,149967
13023,10430
13025,11077
13027,15398
13029,15438
13031,43125
13033,20579
13035,15326
13037,5013
13039,30167
13043,7744
13045,71422
13047,42464
13049,8496
13051,216935
13053,16934
13055,22242
13057,90204
13059,87594
13061,3364
13063,182052
13065,6160
13067,447745
13069,29592
13071,36645
13073,66031
13075,13456
13077,53853
13079,8991
13081,20011
13083,13147
13085,9429
13087,25511
13089,545837
13091,17607
13093,9901
13095,96311
13097,71120
13099,11854
13101,2334
13103,25687
13105,18949
13107,20546
13109,8724
13111,15992
13113,62415
13115,81251
13117,44083
13119,16650
13121,648951
13123,13368
13125,2357
13127,62496
13129,35072
13131,20279
13133,11793
13135,352910
13137,27621
13139,95428
13141,8908
13143,21966
13145,17788
13147,19712
13149,8628
13151,58741
13153,89208
13155,8649
13157,30005
13159,8453
13161,12032
13163,17408
13165,8247
13167,8329
13169,20739
13171,13038
13173,5531
13175,39988
13177,16250
13179,52745
13181,7442
13183,6202
13185,75981
13187,14573
13189,20119
13191,8634
13193,13114
13195,21050
13197,5590
13199,22411
13201,6280
13205,20275
13207,17113
13209,7163
13211,12883
13213,26147
13215,179278
13217,41808
13219,17618
13221,9763
13223,41611
13225,21189
13227,14432
13229,13328
13231,10224
13233,33815
13235,8108
13237,14137
13239,2209
13241,11648
13243,8023
13245,189719
13247,54091
13249,3588
13251,13842
13253,9010
13255,54457
13257,23257
13259,5654
13261,30228
13263,6524
13265,1915
13267,17722
13269,7642
13271,11000
13273,10653
13275,38986
13277,34998
13279,24072
13281,6754
13283,5994
13285,55536
13287,8703
13289,9806
13291,11993
13293,26300
13295,58340
13297,38586
13299,35471
13301,6078
13303,19112
13305,22356
13307,2263
13309,4903
13311,13006
13313,72462
13315,7008
13317,10597
13319,10228
13321,19745
15001,120317
15003,836231
15005,130
15007,51177
15009,100374
16001,205775
16003,3254
16005,66026
16007,6084
16009,7937
16011,37583
16013,13552
16015,3509
16017,26622
16019,72207
16021,8332
16023,2918
16025,727
16027,90076
16029,6963
16031,19532
16033,762
16035,8505
16037,4133
16039,21205
16041,9232
16043,10937
16045,11844
16047,11633
16049,13783
16051,16543
16053,15138
16055,69795
16057,30617
16059,6899
16061,3516
16063,3308
16065,23674
16067,19361
16069,33754
16071,3492
16073,8392
16075,16434
16077,7086
16079,13931
16081,3439
16083,53580
16085,6109
16087,8550
17001,66090
17003,10626
17005,14991
17007,30806
17009,5836
17011,35688
17013,5322
17015,16805
17017,13437
17019,173025
17021,34418
17023,15921
17025,14460
17027,33944
17029,51644
17031,5105067
17033,19464
17035,10670
17037,77932
17039,16516
17041,19464
17043,781666
17045,19595
17047,7440
17049,31704
17051,20893
17053,14275
17055,40319
17057,38080
17059,6909
17061,15317
17063,32337
17065,8499
17067,21373
17069,5189
17071,8096
17073,51159
17075,30787
17077,61067
17079,10609
17081,37020
17083,20539
17085,21821
17087,11347
17089,317471
17091,96255
17093,39413
17095,56393
17097,516418
17099,106913
17101,15972
17103,34392
17105,39301
17107,30798
17109,35244
17111,183241
17113,129180
17115,117206
17117,47679
17119,249238
17121,41561
17123,12846
17125,16269
17127,14752
17129,11164
17131,17290
17133,22422
17135,30728
17137,36397
17139,13930
17141,45957
17143,182827
17145,21412
17147,15548
17149,17577
17151,4373
17153,7523
17155,5730
17157,34583
17159,16545
17161,148723
17163,262852
17165,26551
17167,178386
17169,7498
17171,5644
17173,22261
17175,6534
17177,48052
17179,123692
17181,17619
17183,88257
17185,13111
17187,19181
17189,14965
17191,17241
17193,16522
17195,60186
17197,357313
17199,57733
17201,252913
17203,32653
18001,31095
18003,300836
18005,63657
18007,9441
18009,14067
18011,38147
18013,14080
18015,18809
18017,38413
18019,87777
18021,24705
18023,30974
18025,9914
18027,27533
18029,38835
18031,23645
18033,35324
18035,119659
18037,36616
18039,156198
18041,26015
18043,64404
18045,17808
18047,19580
18049,18840
18051,31913
18053,74169
18055,30410
18057,108936
18059,45527
18061,29890
18063,75717
18065,48139
18067,80827
18069,35427
18071,37730
18073,24960
18075,21512
18077,29797
18079,23661
18081,88109
18083,39884
18085,65294
18087,29477
18089,475594
18091,107066
18093,42836
18095,130669
18097,797159
18099,42182
18101,10369
18103,36897
18105,108978
18107,34436
18109,55920
18111,13551
18113,37877
18115,5315
18117,18409
18119,17281
18121,15410
18123,19107
18125,12509
18127,128932
18129,25968
18131,12643
18133,30315
18135,27148
18137,24616
18139,18129
18141,247052
18143,20991
18145,40307
18147,19490
18149,22747
18151,27446
18153,18993
18155,7738
18157,130598
18159,16119
18161,6976
18163,165058
18165,16773
18167,106107
18169,35069
18171,8176
18173,44920
18175,23717
18177,71951
18179,25948
18181,23265
18183,27651
19001,8409
19003,4866
19005,13855
19007,13743
19009,7334
19011,22429
19013,123798
19015,25186
19017,22813
19019,20844
19021,19965
19023,15731
19025,11508
19027,21423
19029,15128
19031,17381
19033,46733
19035,14098
19037,13295
19039,8287
19041,17585
19043,19054
19045,51040
19047,16775
19049,29755
19051,8312
19053,8338
19055,18035
19057,42614
19059,14909
19061,86403
19063,11569
19065,21843
19067,17058
19069,11364
19071,8226
19073,10045
19075,12029
19077,10935
19079,16071
19081,12638
19083,19094
19085,14730
19087,19226
19089,9809
19091,10756
19093,8365
19095,14630
19097,19950
19099,34795
19101,16310
19103,96119
19105,19444
19107,11624
19109,18591
19111,38687
19113,168767
19115,11592
19117,9070
19119,11952
19121,12483
19123,21522
19125,30001
19127,38276
19129,13202
19131,10928
19133,10034
19135,8114
19137,12076
19139,39907
19141,15444
19143,7267
19145,16870
19147,10669
19149,23388
19151,9525
19153,327140
19155,82628
19157,19033
19159,5420
19161,12324
19163,150979
19165,13230
19167,29903
19169,74252
19171,17419
19173,7114
19175,12750
19177,7676
19179,35687
19181,36033
19183,19612
19185,7067
19187,40342
19189,12122
19191,20847
19193,98276
19195,7991
19197,14269
20001,14638
20003,7803
20005,16932
20007,5874
20009,29382
20011,14966
20013,11128
20015,50580
20017,3021
20019,4407
20021,21374
20023,3243
20025,2418
20027,9158
20029,11023
20031,8404
20033,2313
20035,36915
20037,35568
20039,4021
20041,18958
20043,8134
20045,81798
20047,3787
20049,3327
20051,26004
20053,6586
20055,33070
20057,27463
20059,21994
20061,30453
20063,3231
20065,3543
20067,7159
20069,5396
20071,1774
20073,7847
20075,2388
20077,7124
20079,31028
20081,3886
20083,2177
20085,11525
20087,15905
20089,4251
20091,355054
20093,4027
20095,8292
20097,3660
20099,23693
20101,2375
20103,64371
20105,3653
20107,8254
20109,3081
20111,34732
20113,27268
20115,12888
20117,11705
20119,4247
20121,23466
20123,7203
20125,38816
20127,6198
20129,3480
20131,10446
20133,17035
20135,4033
20137,5947
20139,15248
20141,4867
20143,5634
20145,7555
20147,6590
20149,16128
20151,9702
20153,3404
20155,62389
20157,6482
20159,10610
20161,67139
20163,6039
20165,3842
20167,7835
20169,49301
20171,5289
20173,403662
20175,18743
20177,160976
20179,3043
20181,6926
20183,5078
20185,5365
20187,2333
20189,5048
20191,25841
20193,8258
20195,3694
20197,6603
20199,1821
20201,7073
20203,2758
20205,10289
20207,4116
20209,161993
21001,15360
21003,14628
21005,14571
21007,7902
21009,34001
21011,9692
21013,31506
21015,57589
21017,19236
21019,51150
21021,25641
21023,7766
21025,15703
21027,16312
21029,47567
21031,11245
21033,13232
21035,30735
21037,83866
21039,5238
21041,9292
21043,24340
21045,14211
21047,68941
21049,29496
21051,21746
21053,9135
21055,9196
21057,6784
21059,87189
21061,10357
21063,6455
21065,14614
21067,225366
21069,12292
21071,43586
21073,43781
21075,8271
21077,5393
21079,11579
21081,15737
21083,33550
21085,21050
21087,10371
21089,36742
21091,7864
21093,89240
21095,36574
21097,16248
21099,14890
21101,43044
21103,12823
21105,5566
21107,46126
21109,11955
21111,664937
21113,30508
21115,23248
21117,142031
21119,17906
21121,29676
21123,11679
21125,43438
21127,13998
21129,7422
21131,13642
21133,27000
21135,13029
21137,20045
21139,9062
21141,24416
21143,6624
21145,62879
21147,15603
21149,9628
21151,57508
21153,13077
21155,16499
21157,27205
21159,12526
21161,16666
21163,24170
21165,5092
21167,19148
21169,8963
21171,11401
21173,19561
21175,11648
21177,31318
21179,29710
21181,6725
21183,21105
21185,33263
21187,9035
21189,5036
21191,12036
21193,30283
21195,72583
21197,11686
21199,49489
21201,2124
21203,14803
21205,20353
21207,14716
21209,23867
21211,24824
21213,15145
21215,6801
21217,21146
21219,10940
21221,10361
21223,6090
21225,16557
21227,76673
21229,10441
21231,17468
21233,13955
21235,33326
21237,6503
21239,19955
22001,55882
22003,21226
22005,58214
22007,22753
22009,39159
22011,30083
22013,15979
22015,86088
22017,248253
22019,168134
22021,9810
22023,9260
22025,11065
22027,17405
22029,20828
22031,25346
22033,380105
22035,9709
22037,19211
22039,33274
22041,22387
22043,17526
22045,68297
22047,31049
22049,15705
22051,448306
22053,30722
22055,164762
22057,85860
22059,13662
22061,41745
22063,70526
22065,12463
22067,31938
22069,36689
22071,496938
22073,142191
22075,25575
22077,22540
22079,131556
22081,9387
22083,20629
22085,22646
22087,66631
22089,42437
22091,9874
22093,20879
22095,39996
22097,80331
22099,43978
22101,58086
22103,144508
22105,85709
22107,7103
22109,96982
22111,20690
22113,50055
22115,61961
22117,43185
22119,41989
22121,19419
22123,12093
22125,12915
22127,16269
23001,105259
23003,86936
23005,243135
23007,29008
23009,46948
23011,115904
23013,36310
23015,30357
23017,52602
23019,146601
23021,18653
23023,33535
23025,49767
23027,33018
23029,35308
23031,164587
24001,74946
24003,427239
24005,692134
24009,51372
24011,27035
24013,123372
24015,71347
24017,101154
24019,30236
24021,150208
24023,28138
24025,182132
24027,187328
24029,17842
24031,757027
24033,729268
24035,33953
24037,75974
24039,23440
24041,30549
24043,121393
24045,74339
24047,35028
24510,736014
25001,186605
25003,139352
25005,506325
25007,11639
25009,670080
25011,70092
25013,456310
25015,146568
25017,1398468
25019,6012
25021,616087
25023,435276
25025,663906
25027,709705
26001,10145
26003,8972
26005,90509
26007,30605
26009,18185
26011,14931
26013,7954
26015,50057
26017,111723
26019,12200
26021,161378
26023,41502
26025,135982
26027,49477
26029,21468
26031,21398
26033,34604
26035,24952
26037,57883
26039,12260
26041,37780
26043,26831
26045,92879
26047,25040
26049,430459
26051,21896
26053,18052
26055,64273
26057,38982
26059,43431
26061,35446
26063,34951
26065,281912
26067,57024
26069,30209
26071,13175
26073,54624
26075,149756
26077,223411
26079,13497
26081,500631
26083,1701
26085,8583
26087,74768
26089,16527
26091,91476
26093,115645
26095,5763
26097,10674
26099,717400
26101,21265
26103,70887
26105,25537
26107,37308
26109,24920
26111,75651
26113,12147
26115,133600
26117,53059
26119,8936
26121,158983
26123,38202
26125,1083592
26127,22454
26129,18681
26131,8854
26133,20146
26135,7842
26137,17957
26139,187768
26141,13743
26143,19776
26145,211946
26147,145607
26149,58913
26151,39928
26153,8302
26155,69770
26157,55498
26159,70060
26161,282937
26163,2111687
26165,26360
27001,12425
27003,243641
27005,27881
27007,34384
27009,30185
27011,6285
27013,54044
27015,26984
27017,29259
27019,47915
27021,21791
27023,13228
27025,30521
27027,50422
27029,8309
27031,3868
27033,12694
27035,44249
27037,275227
27039,15731
27041,28674
27043,16937
27045,20777
27047,33060
27049,40690
27051,6246
27053,1032431
27055,18497
27057,14939
27059,25921
27061,40863
27063,11677
27065,12802
27067,38761
27069,5767
27071,16299
27073,8924
27075,10415
27077,4076
27079,23239
27081,6890
27083,24789
27085,32030
27087,5044
27089,10993
27091,22914
27093,20846
27095,18670
27097,29604
27099,37385
27101,9660
27103,28076
27105,20098
27107,7975
27109,106470
27111,50714
27113,13306
27115,21264
27117,10491
27119,32498
27121,10745
27123,485765
27125,4525
27127,17254
27129,17673
27131,49183
27133,9806
27135,15026
27137,198213
27139,57846
27141,41945
27143,14366
27145,118791
27147,30729
27149,10634
27151,10724
27153,23363
27155,4463
27157,19744
27159,13154
27161,18079
27163,145896
27165,11682
27167,7516
27169,47828
27171,68710
27173,11684
28001,35356
28003,31722
28005,13328
28007,18481
28009,8046
28011,41875
28013,14908
28015,9237
28017,18085
28019,9071
28021,11370
28023,17313
28025,21120
28027,31665
28029,27592
28031,16527
28033,67910
28035,68314
28037,8377
28039,16673
28041,10220
28043,21555
28045,31760
28047,165365
28049,254441
28051,21604
28053,12134
28055,1909
28057,20017
28059,115243
28061,17114
28063,8653
28065,14051
28067,62031
28069,10356
28071,31826
28073,30424
28075,75555
28077,12458
28079,18436
28081,65581
28083,37341
28085,30278
28087,59308
28089,53794
28091,25544
28093,30361
28095,36582
28097,12388
28099,24800
28101,20291
28103,12604
28105,38375
28107,29996
28109,38714
28111,10865
28113,36882
28115,22237
28117,23278
28119,10490
28121,87161
28123,24137
28125,7066
28127,23953
28129,14798
28131,10750
28133,32867
28135,15210
28137,21432
28139,19523
28141,17683
28143,8164
28145,22085
28147,14352
28149,47880
28151,67935
28153,19517
28155,10222
28157,9678
28159,19433
28161,12033
28163,25506
29001,24577
29003,14632
29005,7457
29007,23599
29009,27547
29011,11312
29013,15025
29015,13859
29017,10619
29019,112379
29021,83083
29023,38765
29025,8380
29027,32809
29029,27495
29031,61633
29033,10748
29035,5515
29037,63808
29039,12093
29041,9202
29043,32644
29045,7547
29047,153411
29049,16595
29051,63579
29053,14835
29055,19173
29057,7449
29059,12646
29061,7865
29063,9967
29065,13702
29067,11876
29069,33112
29071,80603
29073,14006
29075,6848
29077,207949
29079,10536
29081,8469
29083,20044
29085,7335
29087,6034
29089,9631
29091,31447
29093,10726
29095,633232
29097,90465
29099,171380
29101,42514
29103,4482
29105,27158
29107,31107
29109,30236
29111,10233
29113,28892
29115,13885
29117,14592
29119,16938
29121,15345
29123,11127
29125,7976
29127,27682
29129,3723
29131,20700
29133,14442
29135,12298
29137,9104
29139,11355
29141,15574
29143,20928
29145,44445
29147,21709
29149,9470
29151,12018
29153,8598
29155,21921
29157,16648
29159,35437
29161,35248
29163,15969
29165,57867
29167,21826
29169,41307
29171,5079
29173,8476
29175,24370
29177,21971
29179,6661
29181,12303
29183,212907
29185,8457
29186,16037
29187,48904
29189,993529
29195,23523
29197,4236
29199,4822
29201,39376
29203,7613
29205,6942
29207,28895
29209,19078
29211,6326
29213,25561
29215,21476
29217,19041
29219,19534
29221,20380
29223,11543
29225,23753
29227,2440
29229,16758
29510,396685
30001,8424
30003,11337
30005,6728
30007,3318
30009,8080
30011,1503
30013,77691
30015,5452
30017,11697
30019,2266
30021,9505
30023,10278
30025,3103
30027,12083
30029,59218
30031,50463
30033,1589
30035,12121
30037,912
30039,2548
30041,17654
30043,7939
30045,2282
30047,21041
30049,47495
30051,2295
30053,17481
30055,2276
30057,5989
30059,1819
30061,3315
30063,78687
30065,4106
30067,14562
30069,519
30071,5163
30073,6433
30075,2090
30077,6620
30079,1383
30081,25010
30083,10716
30085,10999
30087,10505
30089,8669
30091,4732
30093,33941
30095,6536
30097,3154
30099,6271
30101,5046
30103,874
30105,8239
30107,2246
30109,1191
30111,113419
30113,52
31001,29625
31003,7965
31005,462
31007,852
31009,675
31011,6667
31013,13130
31015,2835
31017,3657
31019,37447
31021,7868
31023,8601
31025,21318
31027,10131
31029,4381
31031,6307
31033,9494
31035,7123
31037,9139
31039,10117
31041,12270
31043,16742
31045,9021
31047,19940
31049,2237
31051,6143
31053,34500
31055,416444
31057,2582
31059,7103
31061,3938
31063,3101
31065,5553
31067,22794
31069,2460
31071,2141
31073,1928
31075,769
31077,3006
31079,48925
31081,8862
31083,3810
31085,1222
31087,3750
31089,12599
31091,793
31093,6055
31095,8759
31097,4673
31099,6629
31101,8584
31103,1029
31105,4108
31107,9534
31109,213641
31111,32508
31113,878
31115,683
31117,546
31119,32655
31121,8042
31123,5423
31125,4275
31127,7980
31129,5786
31131,14252
31133,3317
31135,3367
31137,9715
31139,7827
31141,29820
31143,5675
31145,11705
31147,9937
31149,2019
31151,12715
31153,102583
31155,18285
31157,36025
31159,15450
31161,6750
31163,3718
31165,1549
31167,6244
31169,6635
31171,851
31173,6936
31175,5169
31177,16607
31179,9364
31181,4279
31183,948
31185,14428
32001,17938
32003,741459
32005,27637
32007,33530
32009,1344
32011,1547
32013,12844
32015,6266
32017,3775
32019,20001
32021,6475
32023,17781
32027,4336
32029,2526
32031,254667
32033,9264
32510,40443
33001,49216
33003,35410
33005,70121
33007,34828
33009,74929
33011,336073
33013,120005
33015,245845
33017,104233
33019,38592
34001,224327
34003,825380
34005,395066
34007,502824
34009,95089
34011,138053
34013,778206
34015,230082
34017,553099
34019,107776
34021,325824
34023,671780
34025,553124
34027,421353
34029,433203
34031,453060
34033,65294
34035,240279
34037,130943
34039,493819
34041,91607
35001,480577
35003,2563
35005,57849
35006,23794
35007,12925
35009,42207
35011,2252
35013,135510
35015,48605
35017,27676
35019,4156
35021,987
35023,5958
35025,55765
35027,12219
35028,18115
35029,18110
35031,60686
35033,4264
35035,51928
35037,10823
35039,34365
35041,16702
35043,63319
35045,91605
35047,25743
35049,98928
35051,9912
35053,14764
35055,23118
35057,10285
35059,4124
35061,45235
36001,292594
36003,50470
36005,1203789
36007,212160
36009,84234
36011,82313
36013,141895
36015,95195
36017,51768
36019,85969
36021,62982
36023,48963
36025,47225
36027,259462
36029,968532
36031,37152
36033,46540
36035,54191
36037,60060
36039,44739
36041,5279
36043,65797
36045,110943
36047,2300664
36049,26796
36051,62372
36053,69120
36055,713968
36057,51981
36059,1287348
36061,1487536
36063,220756
36065,250836
36067,468973
36069,95101
36071,307647
36073,41846
36075,121771
36077,60517
36079,83941
36081,1951598
36083,154429
36085,378977
36087,265475
36089,111974
36091,181276
36093,149285
36095,31859
36097,18662
36099,33683
36101,99088
36103,1321864
36105,69277
36107,52337
36109,94097
36111,165304
36113,59209
36115,59330
36117,89123
36119,874866
36121,42507
36123,22810
37001,108213
37003,27544
37005,9590
37007,23474
37009,22209
37011,14867
37013,42283
37015,20388
37017,28663
37019,50985
37021,174821
37023,75744
37025,98935
37027,70709
37029,5904
37031,52556
37033,20693
37035,118412
37037,38759
37039,20170
37041,13506
37043,7155
37045,84714
37047,49587
37049,81613
37051,274566
37053,13736
37055,22746
37057,126677
37059,27859
37061,39995
37063,181835
37065,56558
37067,265878
37069,36414
37071,175093
37073,9305
37075,7196
37077,38345
37079,15384
37081,347420
37083,55516
37085,67822
37087,46942
37089,69285
37091,22523
37093,22856
37095,5411
37097,92931
37099,26846
37101,81306
37103,9414
37105,41374
37107,57274
37109,50319
37111,35681
37113,23499
37115,16953
37117,25078
37119,511433
37121,14433
37123,23346
37125,59013
37127,76677
37129,120284
37131,20798
37133,149838
37135,93851
37137,11372
37139,31298
37141,28855
37143,10447
37145,30180
37147,107924
37149,14416
37151,106546
37153,44518
37155,105179
37157,86064
37159,110605
37161,56918
37163,47297
37165,33754
37167,51765
37169,37223
37171,61704
37173,11268
37175,25520
37177,3856
37179,84211
37181,38892
37183,423380
37185,17265
37187,13997
37189,36952
37191,104666
37193,59393
37195,66061
37197,30488
37199,15419
38001,3174
38003,12545
38005,7198
38007,1108
38009,8011
38011,3596
38013,3002
38015,60131
38017,102874
38019,6064
38021,6107
38023,2899
38025,4005
38027,2951
38029,4830
38031,3983
38033,2108
38035,70683
38037,3549
38039,3303
38041,3445
38043,3332
38045,5383
38047,2847
38049,6528
38051,4021
38053,6383
38055,10457
38057,9808
38059,23700
38061,7021
38063,4410
38065,2381
38067,9238
38069,5052
38071,12681
38073,5921
38075,3160
38077,18148
38079,12772
38081,4549
38083,2148
38085,3761
38087,907
38089,22832
38091,2420
38093,22241
38095,3627
38097,8752
38099,13840
38101,57921
38103,5864
38105,21129
39001,25371
39003,109755
39005,47507
39007,99821
39009,59549
39011,44585
39013,71074
39015,34966
39017,291479
39019,26521
39021,36019
39023,147548
39025,150187
39027,35415
39029,108276
39031,35427
39033,47870
39035,1412140
39037,53619
39039,39350
39041,66929
39043,76779
39045,103461
39047,27466
39049,961437
39051,38498
39053,30954
39055,81129
39057,136731
39059,39024
39061,866228
39063,65536
39065,31111
39067,16085
39069,29108
39071,35728
39073,25533
39075,32849
39077,56240
39079,30230
39081,80298
39083,47473
39085,215499
39087,61834
39089,128300
39091,42310
39093,271126
39095,462361
39097,37068
39099,264806
39101,64274
39103,122354
39105,22987
39107,39443
39109,93182
39111,15497
39113,573809
39115,14194
39117,27749
39119,82068
39121,11336
39123,40029
39125,20488
39127,31557
39129,48255
39131,24249
39133,142585
39135,40113
39137,33819
39139,126137
39141,69330
39143,61963
39145,80327
39147,59733
39149,44915
39151,367585
39153,514990
39155,227813
39157,84090
39159,31969
39161,30464
39163,11098
39165,113909
39167,62254
39169,101461
39171,36956
39173,113269
39175,22254
40001,18421
40003,6416
40005,12778
40007,6023
40009,18812
40011,11470
40013,32089
40015,29550
40017,74409
40019,42919
40021,34049
40023,15302
40025,3301
40027,174253
40029,5780
40031,111486
40033,6651
40035,14104
40037,60915
40039,26897
40041,28070
40043,5551
40045,4497
40047,56735
40049,26605
40051,41747
40053,5689
40055,6559
40057,3793
40059,4063
40061,10940
40063,13023
40065,28764
40067,7010
40069,10032
40071,48056
40073,13212
40075,11347
40077,10333
40079,43270
40081,29216
40083,29011
40085,8157
40087,22795
40089,33433
40091,16779
40093,8055
40095,10829
40097,33366
40099,12042
40101,68078
40103,11045
40105,9992
40107,11551
40109,599611
40111,36490
40113,41645
40115,30561
40117,15575
40119,61507
40121,40581
40123,34119
40125,58760
40127,10997
40129,4147
40131,55170
40133,25412
40135,33828
40137,42299
40139,16419
40141,10384
40143,503341
40145,47883
40147,48066
40149,11441
40151,9103
40153,18976
41001,15317
41003,70811
41005,278850
41007,33301
41009,37557
41011,60273
41013,14111
41015,19327
41017,74958
41019,94649
41021,1717
41023,7853
41025,7060
41027,16903
41029,146389
41031,13676
41033,62649
41035,57702
41037,7186
41039,282912
41041,38889
41043,91227
41045,26038
41047,228483
41049,7625
41051,583887
41053,49541
41055,1918
41057,21570
41059,59249
41061,23598
41063,6911
41065,21683
41067,311554
41069,1396
41071,65551
42001,78274
42003,1336449
42005,73478
42007,186093
42009,47919
42011,336523
42013,130542
42015,60967
42017,541174
42019,152013
42021,163029
42023,5913
42025,56846
42027,123786
42029,376396
42031,41699
42033,78097
42035,37182
42037,63202
42039,86169
42041,195257
42043,237813
42045,547651
42047,34878
42049,275572
42051,145351
42053,4802
42055,121082
42057,13837
42059,39550
42061,44164
42063,89994
42065,46083
42067,20625
42069,219039
42071,422822
42073,96246
42075,113744
42077,291130
42079,328149
42081,118710
42083,47131
42085,121003
42087,46197
42089,95709
42091,678111
42093,17735
42095,247105
42097,96771
42099,41172
42101,1585577
42103,27966
42105,16717
42107,152585
42109,36680
42111,78218
42113,6104
42115,40380
42117,41126
42119,36176
42121,59381
42123,45050
42125,204584
42127,39944
42129,370321
42131,28076
42133,339574
44001,48859
44003,161135
44005,87194
44007,596270
44009,110006
45001,23862
45003,120940
45005,11722
45007,145196
45009,16902
45011,20293
45013,86425
45015,128776
45017,12753
45019,295039
45021,44506
45023,32170
45025,38577
45027,28450
45029,34377
45031,61851
45033,29114
45035,83060
45037,18375
45039,22295
45041,114344
45043,46302
45045,320167
45047,59567
45049,18191
45051,144053
45053,15487
45055,43599
45057,54516
45059,58092
45061,18437
45063,167611
45065,8868
45067,33899
45069,29361
45071,33172
45073,57494
45075,84803
45077,93894
45079,285720
45081,16357
45083,226800
45085,102637
45087,30337
45089,36815
45091,131497
46003,3135
46005,18253
46007,3206
46009,7089
46011,25207
46013,35580
46015,5485
46017,1759
46019,7914
46021,1965
46023,9131
46025,4403
46027,13186
46029,22698
46031,4195
46033,6179
46035,17503
46037,6978
46039,4522
46041,5523
46043,3746
46045,4356
46047,7353
46049,2744
46051,8372
46053,5359
46055,2624
46057,4974
46059,4272
46061,2994
46063,1669
46065,14817
46067,8262
46069,1696
46071,2811
46073,2425
46075,1324
46077,5925
46079,10550
46081,20655
46083,15427
46085,3638
46087,5688
46089,3228
46091,4844
46093,21878
46095,2137
46097,3272
46099,123809
46101,6507
46103,81343
46105,3932
46107,3190
46109,9914
46111,2833
46113,9902
46115,7981
46117,2453
46119,1589
46121,8352
46123,6924
46125,8576
46127,10189
46129,6087
46135,19252
46137,2220
47001,68250
47003,30411
47005,14524
47007,9669
47009,85969
47011,73712
47013,35079
47015,10467
47017,27514
47019,51505
47021,27140
47023,12819
47025,26137
47027,7238
47029,29141
47031,40339
47033,13378
47035,34736
47037,510784
47039,10472
47041,14360
47043,35061
47045,34854
47047,25559
47049,14669
47051,34725
47053,46315
47055,25741
47057,17095
47059,55853
47061,13362
47063,50480
47065,285536
47067,6739
47069,23377
47071,22633
47073,44565
47075,19437
47077,21844
47079,27888
47081,16754
47083,7018
47085,15795
47087,9297
47089,33016
47091,13766
47093,335749
47095,7129
47097,23491
47099,35303
47101,9247
47103,28157
47105,31255
47107,42383
47109,22422
47111,15906
47113,77982
47115,24860
47117,21539
47119,54812
47121,8033
47123,30541
47125,100498
47127,4721
47129,17300
47131,31717
47133,17636
47135,6612
47137,4548
47139,13643
47141,51373
47143,24344
47145,47227
47147,41494
47149,118570
47151,18358
47153,8863
47155,51043
47157,826330
47159,14143
47161,9479
47163,143596
47165,103281
47167,37568
47169,5920
47171,16549
47173,13694
47175,4846
47177,32992
47179,92315
47181,13935
47183,31972
47185,20090
47187,81021
47189,67675
48001,48024
48003,14338
48005,69884
48007,17892
48009,7973
48011,2021
48013,30533
48015,19832
48017,7064
48019,10562
48021,38263
48023,4385
48025,25135
48027,191088
48029,1185394
48031,5972
48033,799
48035,15125
48037,81665
48039,191707
48041,121862
48043,8681
48045,1971
48047,8204
48049,34371
48051,13625
48053,22677
48055,26392
48057,19053
48059,11859
48061,260120
48063,9904
48065,6576
48067,29982
48069,9070
48071,20088
48073,41049
48075,5953
48077,10024
48079,4377
48081,3424
48083,9710
48085,264036
48087,3573
48089,18383
48091,51832
48093,13381
48095,3044
48097,30777
48099,64213
48101,2247
48103,4652
48105,4078
48107,7304
48109,3407
48111,5461
48113,1852810
48115,14349
48117,19153
48119,4857
48121,273525
48123,18840
48125,2571
48127,10433
48129,3696
48131,12918
48133,18488
48135,118934
48137,2266
48139,85167
48141,591610
48143,27991
48145,17712
48147,24804
48149,20095
48151,4842
48153,8497
48155,1794
48157,225421
48159,7802
48161,15818
48163,13472
48165,14123
48167,217399
48169,5143
48171,17204
48173,1447
48175,5980
48177,17205
48179,23967
48181,95021
48183,104948
48185,18828
48187,64873
48189,34671
48191,3905
48193,7733
48195,5848
48197,5283
48199,41320
48201,2818199
48203,57483
48205,3634
48207,6820
48209,65614
48211,3720
48213,58543
48215,383545
48217,27146
48219,24199
48221,28981
48223,28833
48225,21375
48227,32343
48229,2915
48231,64343
48233,25689
48235,1629
48237,6981
48239,13039
48241,31102
48243,1946
48245,239397
48247,5109
48249,37679
48251,97165
48253,16490
48255,12455
48257,52220
48259,14589
48261,460
48263,1010
48265,36304
48267,4122
48269,354
48271,3119
48273,30274
48275,4837
48277,43949
48279,15072
48281,13521
48283,5254
48285,18690
48287,12854
48289,12665
48291,52726
48293,20946
48295,3143
48297,9556
48299,11631
48301,107
48303,222636
48305,6758
48307,8778
48309,189123
48311,817
48313,10931
48315,9984
48317,4956
48319,3423
48321,36928
48323,36378
48325,27312
48327,2252
48329,106611
48331,22946
48333,4531
48335,8016
48337,17274
48339,182201
48341,17865
48343,13200
48345,1532
48347,54753
48349,39926
48351,13569
48353,16594
48355,291145
48357,9128
48359,2278
48361,80509
48363,25055
48365,22035
48367,64785
48369,9863
48371,14675
48373,30687
48375,97874
48377,6637
48379,6715
48381,89673
48383,4514
48385,2412
48387,14317
48389,15852
48391,7976
48393,1025
48395,15511
48397,25604
48399,11294
48401,43735
48403,9586
48405,7999
48407,16372
48409,58749
48411,5401
48413,2990
48415,18634
48417,3316
48419,22034
48421,2858
48423,151309
48425,5360
48427,40518
48429,9010
48431,1438
48433,2013
48435,4135
48437,8133
48439,1170103
48441,119655
48443,1410
48445,13218
48447,1880
48449,24009
48451,98458
48453,576407
48455,11445
48457,16646
48459,31370
48461,4447
48463,23340
48465,38721
48467,37944
48469,74361
48471,50917
48473,23390
48475,13115
48477,26154
48479,133239
48481,39955
48483,5879
48485,122378
48487,15121
48489,17705
48491,139551
48493,22650
48495,8626
48497,34679
48499,29380
48501,8786
48503,18126
48505,9279
48507,12162
49001,4765
49003,36485
49005,70183
49007,20228
49009,690
49011,187941
49013,12645
49015,10332
49017,3980
49019,6620
49021,20789
49023,5817
49025,5169
49027,11333
49029,5528
49031,1277
49033,1725
49035,725956
49037,12621
49039,16259
49041,15431
49043,15518
49045,26601
49047,22211
49049,263590
49051,10089
49053,48560
49055,2177
49057,158330
50001,32953
50003,35845
50005,27846
50007,131761
50009,6405
50011,39980
50013,5318
50015,19735
50017,26149
50019,24053
50021,62142
50023,54928
50025,41588
50027,54055
51001,31703
51003,68040
51005,13176
51007,8787
51009,28578
51011,12298
51013,170936
51015,54677
51017,4799
51019,45656
51021,6514
51023,24992
51025,15987
51027,31333
51029,12873
51031,47572
51033,19217
51035,26594
51036,6282
51037,11688
51041,209274
51043,12101
51045,4372
51047,27791
51049,7825
51051,17620
51053,20960
51057,8689
51059,818584
51061,48741
51063,12005
51065,12429
51067,39549
51069,45723
51071,16366
51073,30131
51075,14163
51077,16278
51079,10297
51081,8853
51083,29033
51085,63306
51087,217881
51089,56942
51091,2635
51093,25053
51095,34859
51097,6289
51099,13527
51101,10913
51103,10896
51105,24496
51107,86129
51109,20325
51111,11419
51113,11949
51115,8348
51117,29241
51119,8653
51121,73913
51125,12778
51127,10445
51131,13061
51133,10524
51135,14993
51137,21421
51139,21690
51141,17473
51143,55655
51145,15328
51147,17320
51149,27394
51153,215686
51155,34496
51157,6622
51159,7273
51161,79332
51163,18350
51165,57482
51167,28667
51169,23204
51171,31636
51173,32370
51175,17550
51177,57403
51179,61236
51181,6145
51183,10248
51185,45960
51187,26142
51191,45887
51193,15480
51195,39573
51197,25466
51199,42422
51510,111183
51515,6073
51520,18426
51530,6406
51540,40341
51550,151976
51560,4679
51570,16064
51580,6991
51590,53056
51595,5306
51600,19622
51610,9578
51620,7864
51630,19027
51640,6670
51650,133793
51660,30707
51670,23101
51678,6959
51680,66049
51683,27957
51685,6734
51690,16162
51700,170045
51710,261229
51720,4247
51730,38386
51735,11005
51740,103907
51750,15940
51760,203056
51770,96397
51775,23756
51780,6997
51790,24461
51800,52141
51810,393069
51820,18549
51830,11530
51840,21947
53001,13603
53003,17605
53005,112560
53007,52250
53009,56464
53011,238053
53013,4024
53015,82119
53017,26205
53019,6295
53021,37473
53023,2248
53025,54758
53027,64175
53029,60195
53031,20146
53033,1507319
53035,189731
53037,26725
53039,16616
53041,59358
53043,8864
53045,38341
53047,33350
53049,18882
53051,8915
53053,586203
53055,10035
53057,79555
53059,8289
53061,465642
53063,361364
53065,30948
53067,161238
53069,3327
53071,48439
53073,127780
53075,38775
53077,188823
54001,15699
54003,59253
54005,25870
54007,12998
54009,26992
54011,96827
54013,7885
54015,9983
54017,6994
54019,47952
54021,7669
54023,10428
54025,34693
54027,16498
54029,35233
54031,10977
54033,69371
54035,25938
54037,35926
54039,207619
54041,17223
54043,21382
54045,43032
54047,35233
54049,57249
54051,37356
54053,25178
54055,64980
54057,26697
54059,33739
54061,75509
54063,12406
54065,12128
54067,26775
54069,50871
54071,8054
54073,7546
54075,9008
54077,29037
54079,42835
54081,76819
54083,27803
54085,10233
54087,15120
54089,14204
54091,15144
54093,7728
54095,9796
54097,22867
54099,41636
54101,10729
54103,19258
54105,5192
54107,86915
54109,28990
55001,15682
55003,16307
55005,40750
55007,14008
55009,194594
55011,13584
55013,13084
55015,34291
55017,52360
55019,31647
55021,45088
55023,15940
55025,367085
55027,76559
55029,25690
55031,41758
55033,35909
55035,85183
55037,4590
55039,90083
55041,8776
55043,49264
55045,30339
55047,18651
55049,20150
55051,6153
55053,16588
55055,67783
55057,21650
55059,128181
55061,18878
55063,97904
55065,16076
55067,19505
55069,26993
55071,80421
55073,115400
55075,40548
55077,12321
55078,3890
55079,959275
55081,36633
55083,30226
55085,31679
55087,140510
55089,72831
55091,7107
55093,32765
55095,34773
55097,61405
55099,15600
55101,175034
55103,17521
55105,139510
55107,15079
55109,50251
55111,46975
55113,14181
55115,37157
55117,103877
55119,18901
55121,25263
55123,25617
55125,17707
55127,75000
55129,13772
55131,95328
55133,304715
55135,46104
55137,19385
55139,140320
55141,73605
56001,30797
56003,10525
56005,29370
56007,16659
56009,11128
56011,5294
56013,33662
56015,12373
56017,4809
56019,6145
56021,73142
56023,12625
56025,61226
56027,2499
56029,23178
56031,8145
56033,23562
56035,4843
56037,38823
56039,11172
56041,18705
56043,8388
56045,6518
09001,17541
09001,141686
09001,14113
09001,65585
09001,18196
09001,53418
09001,58441
09001,16896
09001,17864
09001,12911
09001,20779
09001,78331
09001,20919
09001,35418
09001,108056
09001,49389
09001,32016
09001,24410
09001,15989
09003,13937
09003,16787
09003,19483
09003,60640
09003,50452
09003,10081
09003,45532
09003,20608
09003,27901
09003,139739
09003,51618
09003,75491
09003,29208
09003,17392
09003,16554
09003,22023
09003,38518
09003,22090
09003,11427
09003,60110
09003,25651
09003,27817
09003,12358
09005,23629
09005,11822
09005,33687
09005,20456
09005,11524
09007,12767
09007,12286
09007,10428
09007,42762
09009,18403
09009,27603
09009,25684
09009,12199
09009,26144
09009,19848
09009,52434
09009,15485
09009,59479
09009,49938
09009,30625
09009,130474
09009,12996
09009,22247
09009,12830
09009,14288
09009,15818
09009,40822
09009,108961
09009,54021
09009,13700
09011,10980
09011,15340
09011,10384
09011,45144
09011,14913
09011,16673
09011,28540
09011,37391
09011,16919
09011,17930
09013,10063
09013,11197
09013,21103
09013,11091
09013,11001
09013,29841
09015,15889
09015,14363
09015,22039
23001,24309
23001,39757
23003,10550
23005,20906
23005,11856
23005,64358
23005,12518
23005,23163
23005,16121
23005,13020
23011,21325
23011,17173
23019,33181
23019,10573
23031,20710
23031,15181
23031,20463
25001,40949
25001,16064
25001,13864
25001,27960
25001,10275
25001,15489
25001,21174
25003,16797
25003,48622
25005,38383
25005,27244
25005,19807
25005,16132
25005,92703
25005,16568
25005,99922
25005,25038
25005,14265
25005,13046
25005,17655
25005,15411
25005,49832
25005,13852
25009,14997
25009,29151
25009,38195
25009,24174
25009,28716
25009,51418
25009,11873
25009,70207
25009,81245
25009,11274
25009,19971
25009,39990
25009,16317
25009,22792
25009,47039
25009,38091
25009,25549
25009,13650
25011,18666
25013,27323
25013,56632
25013,13367
25013,43704
25013,15467
25013,18820
25013,12054
25013,156983
25013,38372
25013,27537
25013,12635
25015,35228
25015,10579
25015,15537
25015,29289
25015,16685
25017,17872
25017,44630
25017,12066
25017,12996
25017,24720
25017,37609
25017,23302
25017,95802
25017,32383
25017,17076
25017,25594
25017,35701
25017,64989
25017,12926
25017,17233
25017,28974
25017,103439
25017,53884
25017,31813
25017,10325
25017,57407
25017,28150
25017,30510
25017,82585
25017,12002
25017,10098
25017,22539
25017,76210
25017,22203
25017,14358
25017,27266
25017,24825
25017,57878
25017,33284
25017,11874
25017,16392
25017,10200
25017,17651
25017,20267
25017,35943
25021,14877
25021,33836
25021,54718
25021,18530
25021,23782
25021,14637
25021,22095
25021,11041
25021,10531
25021,25725
25021,27557
25021,28700
25021,84985
25021,30093
25021,15517
25021,26777
25021,20212
25021,26615
25021,12557
25021,54063
25023,13817
25023,21249
25023,92788
25023,10590
25023,13895
25023,11104
25023,11912
25023,19821
25023,10466
25023,21531
25023,17867
25023,14544
25023,45608
25023,16123
25023,16786
25023,19232
25023,13240
25025,574283
25025,28710
25025,42786
25025,18127
25027,11451
25027,15005
25027,13222
25027,41194
25027,20125
25027,13035
25027,12329
25027,14628
25027,10191
25027,38145
25027,25355
25027,12228
25027,11929
25027,13371
25027,12588
25027,24146
25027,17816
25027,11645
25027,10415
25027,16196
25027,14133
25027,169759
26007,11354
26017,16028
26017,38936
26021,17163
26021,12818
26021,13604
26021,12456
26021,12828
26025,10066
26025,53540
26025,10764
26033,14689
26037,10448
26041,13659
26045,26129
26049,27617
26049,14671
26049,10055
26049,140761
26049,34081
26049,24093
26049,25392
26049,25198
26049,11511
26049,13210
26055,10516
26055,15116
26065,19190
26065,50677
26065,122700
26065,35644
26069,11958
26073,23285
26075,20492
26075,37446
26075,13435
26075,21130
26077,11834
26077,80277
26077,20976
26077,13401
26077,41042
26081,13235
26081,12869
26081,10807
26081,14533
26081,189126
26081,10760
26081,15624
26081,37826
26081,24946
26081,17279
26081,63891
26091,22097
26093,14815
26093,10820
26093,11604
26093,13083
26099,25905
26099,85866
26099,35283
26099,13899
26099,24685
26099,22714
26099,18405
26099,51412
26099,68107
26099,48655
26099,117810
26099,144864
26099,13087
26103,21977
26107,12603
26111,37819
26115,23748
26115,18210
26115,22902
26115,11909
26121,11485
26121,40283
26121,15302
26121,13176
26121,21755
26125,17076
26125,16960
26125,19997
26125,42473
26125,12051
26125,13874
26125,26955
26125,10132
26125,74652
26125,25084
26125,20051
26125,17941
26125,24722
26125,32196
26125,12121
26125,32998
26125,30462
26125,24076
26125,11933
26125,71166
26125,61766
26125,65410
26125,75728
26125,14255
26125,72884
26125,66692
26125,54516
26125,22608
26139,32672
26139,11951
26139,25086
26139,17523
26139,13541
26139,10751
26145,12747
26145,10900
26145,69512
26145,37684
26145,10971
26147,33694
26149,10130
26155,16322
26161,109592
26161,17668
26161,11077
26161,24846
26161,45307
26163,31092
26163,18811
26163,57040
26163,89286
26163,60838
26163,1027974
26163,12180
26163,31846
26163,10092
26163,12857
26163,17715
26163,18372
26163,14903
26163,20121
26163,10447
26163,30772
26163,41832
26163,100850
26163,11216
26163,17313
26163,23648
26163,54387
26163,11314
26163,13894
26163,22897
26163,30771
26163,10891
26163,70811
26163,20586
26163,21010
26163,19899
26163,84724
26163,11631
26163,30938
26165,10104
27003,15216
27003,17192
27003,38975
27003,18910
27003,52978
27003,28335
27003,12408
27007,11245
27013,31468
27015,13132
27017,10885
27019,11732
27019,11339
27027,32295
27035,12353
27037,34598
27037,51288
27037,47409
27037,15440
27037,22477
27037,24854
27037,20197
27037,19248
27047,18310
27049,15134
27053,86335
27053,28887
27053,56381
27053,16849
27053,23788
27053,39311
27053,46070
27053,20971
27053,16534
27053,38736
27053,368383
27053,48370
27053,21853
27053,50889
27053,35710
27053,14396
27053,43787
27061,11613
27067,17531
27083,12023
27085,11523
27091,11265
27099,21907
27103,10164
27109,70745
27111,12362
27123,30954
27123,12541
27123,22207
27123,12376
27123,33485
27123,272235
27123,24587
27123,11041
27123,24288
27131,17085
27131,14514
27137,85493
27137,18046
27139,11482
27139,11739
27141,11143
27145,37616
27147,19386
27163,22935
27163,18374
27163,13882
27163,20075
27169,25399
33001,15743
33005,22430
33007,11824
33009,12183
33011,12563
33011,14621
33011,19530
33011,99567
33011,22156
33011,11795
33011,79662
33013,36006
33015,29603
33015,12481
33015,12278
33015,19781
33015,25925
33015,25746
33017,25042
33017,11818
33017,26630
33017,11249
33019,13902
34001,37986
34001,11354
34001,24544
34001,23330
34001,16012
34001,12208
34001,16027
34001,11216
34001,11005
34003,24458
34003,20393
34003,17187
34003,17623
34003,24850
34003,30548
34003,10733
34003,31997
34003,26727
34003,10883
34003,37049
34003,11488
34003,22355
34003,18262
34003,17905
34003,15990
34003,13790
34003,11997
34003,14536
34003,25067
34003,13228
34003,12454
34003,24152
34003,10603
34003,17790
34003,13296
34003,37825
34003,13326
34003,10828
34003,10446
34003,15372
34005,12454
34005,14583
34005,13178
34005,35309
34005,10266
34005,19211
34005,20526
34005,16116
34005,10639
34005,30270
34005,31342
34005,10202
34005,36291
34007,12603
34007,87492
34007,69348
34007,15289
34007,53797
34007,12649
34007,14837
34007,11628
34007,18734
34007,34738
34007,24559
34007,10940
34007,30087
34009,20820
34009,14771
34009,15512
34009,10681
34011,18942
34011,25992
34011,54780
34013,34213
34013,45061
34013,12053
34013,29925
34013,73552
34013,61018
34013,26609
34013,21652
34013,18630
34013,37729
34013,275221
34013,27099
34013,16390
34013,13597
34013,10422
34013,39103
34015,24137
34015,14482
34015,15614
34015,10074
34015,26703
34015,41960
34015,19380
34015,10904
34017,61444
34017,13425
34017,33397
34017,228537
34017,34874
34017,48414
34017,14061
34017,58012
34017,12385
34017,38125
34019,10816
34019,15616
34019,13400
34021,22353
34021,34185
34021,86553
34021,11590
34021,25787
34021,12016
34021,13198
34021,88675
34021,16021
34023,19025
34023,43548
34023,88680
34023,13279
34023,12804
34023,13055
34023,22255
34023,41711
34023,31287
34023,56475
34023,41967
34023,47089
34023,14213
34023,34986
34023,25792
34023,20489
34023,13692
34023,93086
34025,17038
34025,16799
34025,13800
34025,10742
34025,24710
34025,21976
34025,11532
34025,38987
34025,11069
34025,28658
34025,26716
34025,27974
34025,68183
34025,28148
34025,25058
34025,10636
34025,12361
34025,20244
34027,13812
34027,15115
34027,11538
34027,17825
34027,10978
34027,15850
34027,15600
34027,19952
34027,16189
34027,21282
34027,48478
34027,12844
34027,19974
34027,19572
34027,20429
34027,15592
34029,12235
34029,37319
34029,66473
34029,76371
34029,33233
34029,22141
34029,45048
34029,13333
34029,35976
34029,18177
34029,13325
34031,71742
34031,17084
34031,11294
34031,58041
34031,140891
34031,10539
34031,12623
34031,10177
34031,47025
34031,25430
34031,10982
34033,13794
34035,17199
34035,10888
34035,32509
34035,42780
34035,28808
34035,10567
34035,18820
34035,11632
34035,10830
34037,15586
34037,15157
34037,21211
34039,11980
34039,14629
34039,22633
34039,110002
34039,21044
34039,36701
34039,11439
34039,46567
34039,25325
34039,20314
34039,12805
34039,21160
34039,13420
34039,19757
34039,50024
34039,28870
34041,15757
36001,101082
36001,27552
36001,16825
36001,76494
36001,28764
36001,11061
36005,1203789
36007,53008
36007,12310
36007,59786
36007,26733
36009,16946
36011,31258
36013,13989
36013,34681
36013,14224
36015,33724
36015,19926
36015,11571
36019,21255
36019,17231
36023,19801
36027,13243
36027,10447
36027,22101
36027,17655
36027,21230
36027,13274
36027,28844
36027,40143
36027,26008
36029,10372
36029,111711
36029,13433
36029,328123
36029,99314
36029,20041
36029,10355
36029,17478
36029,17561
36029,53735
36029,20585
36029,32181
36029,24632
36029,17284
36029,82464
36029,47830
36033,12982
36035,16656
36037,16310
36039,11965
36043,14345
36043,10401
36045,17973
36045,29429
36047,2300664
36053,10850
36053,14622
36055,34455
36055,25178
36055,28583
36055,90106
36055,36376
36055,52377
36055,16912
36055,13873
36055,30219
36055,43015
36055,24497
36055,231636
36055,14181
36055,31639
36057,20714
36059,24149
36059,725639
36059,33510
36059,211393
36059,292657
36061,1487536
36063,15453
36063,24426
36063,16596
36063,61840
36063,34989
36063,11125
36065,10153
36065,21640
36065,44350
36065,68637
36065,18985
36067,23625
36067,25560
36067,59749
36067,25148
36067,17677
36067,16346
36067,30656
36067,18396
36067,35145
36067,163860
36067,13367
36069,10725
36069,10381
36069,14143
36071,16673
36071,11270
36071,11500
36071,13667
36071,24160
36071,23035
36071,18501
36071,26454
36071,24058
36071,22937
36071,23016
36071,27193
36075,12929
36075,19195
36077,13954
36079,28816
36079,13183
36079,14927
36081,1951598
36083,11093
36083,14076
36083,10891
36083,11839
36083,54269
36085,378977
36087,79346
36087,32712
36087,46742
36087,93861
36087,12814
36089,11120
36089,13826
36089,13521
36089,16822
36091,30117
36091,13879
36091,11709
36091,14658
36091,13022
36091,25001
36091,10623
36093,28771
36093,19048
36093,28395
36093,65566
36101,12724
36101,11938
36103,202889
36103,407779
36103,16132
36103,191474
36103,299587
36103,23011
36103,113406
36103,44976
36103,19836
36105,11445
36105,13711
36107,21279
36109,13251
36109,29541
36109,17797
36111,23095
36111,11388
36111,18467
36111,10081
36111,12329
36111,12348
36113,15023
36113,22630
36115,11851
36117,14855
36119,16906
36119,37357
36119,30867
36119,83816
36119,23308
36119,11313
36119,27706
36119,40590
36119,67153
36119,16648
36119,67265
36119,10061
36119,34124
36119,19536
36119,11903
36119,14936
36119,39524
36119,16987
36119,16216
36119,48718
36119,188082
36119,33467
42003,21923
42003,33823
42003,10823
42003,14712
42003,10109
42003,15568
42003,11763
42003,28781
42003,26016
42003,19631
42003,33362
42003,13158
42003,29169
42003,12302
42003,51479
42003,369879
42003,25609
42003,10830
42003,33482
42003,17118
42003,30533
42003,10329
42003,14292
42003,10637
42003,19692
42003,11371
42003,23644
42003,14451
42003,21080
42007,13374
42007,10687
42007,10742
42007,13274
42011,13142
42011,17260
42011,12636
42011,78380
42011,18899
42013,51881
42013,12381
42017,56788
42017,10405
42017,57129
42017,14510
42017,34997
42017,10582
42017,25083
42017,19860
42017,43063
42017,13685
42017,35406
42017,16076
42017,32832
42017,12169
42019,15714
42019,17625
42019,14816
42021,28134
42021,12777
42027,38923
42029,11997
42029,11038
42029,15138
42029,15066
42029,28028
42029,12999
42029,10406
42029,18041
42029,18082
42029,12403
42037,10976
42037,12439
42039,14318
42041,18419
42041,15185
42041,20384
42041,15254
42041,10340
42041,13347
42043,18408
42043,52376
42043,39162
42043,18636
42043,19661
42045,15080
42045,41856
42045,11140
42045,10955
42045,49848
42045,11712
42045,23123
42045,14130
42045,13229
42045,11366
42045,28703
42045,31169
42045,24160
42045,15004
42045,81177
42045,11980
42049,108718
42049,15108
42049,46820
42051,13910
42051,10223
42051,12034
42055,10107
42055,16647
42055,11930
42055,11893
42055,11119
42063,15174
42063,13788
42069,10664
42069,15403
42069,81805
42071,10701
42071,18597
42071,11999
42071,12133
42071,55551
42071,13187
42071,28880
42071,14130
42071,11622
42071,12942
42073,28334
42075,24800
42077,105090
42077,18867
42077,11157
42077,16871
42077,10827
42077,13401
42077,18261
42077,22779
42079,12050
42079,24730
42079,14507
42079,12267
42079,10988
42079,47523
42081,10644
42081,31933
42085,15300
42085,17493
42089,10600
42091,56322
42091,34923
42091,13324
42091,15357
42091,21896
42091,16362
42091,58003
42091,11768
42091,19351
42091,10735
42091,12179
42091,30749
42091,15958
42091,21831
42091,19612
42091,14167
42091,24028
42091,12197
42091,25722
42091,25313
42091,15209
42091,14863
42091,15673
42095,52561
42095,16425
42095,26276
42095,14965
42097,11591
42101,1585577
42107,16603
42121,11949
42123,11122
42125,14467
42125,15864
42129,15446
42129,16318
42129,42609
42129,11221
42129,12251
42129,11341
42129,17240
42129,15894
42129,28158
42129,15945
42129,11224
42129,20109
42133,15668
42133,13258
42133,14399
42133,12003
42133,11658
42133,21564
42133,11207
42133,14369
42133,42192
42133,19231
44001,15849
44001,21625
44001,11385
44003,31083
44003,11865
44003,85427
44003,29268
44005,19460
44005,28227
44005,16857
44005,14312
44007,16230
44007,17637
44007,76060
44007,29038
44007,50380
44007,26542
44007,18045
44007,32090
44007,10497
44007,72644
44007,160728
44007,19163
44007,43877
44009,14985
44009,23786
44009,24631
44009,21605
50003,16451
50007,39127
50007,14731
50007,16498
50007,12809
50021,18230
50025,12241
55009,14431
55009,16376
55009,16569
55009,96466
55017,12727
55025,15648
55025,191262
55025,13289
55025,15333
55027,14196
55031,27134
55033,13547
55035,55180
55039,37757
55045,10241
55055,10227
55055,12388
55059,80352
55059,11961
55063,51003
55063,11284
55071,32520
55071,13030
55073,37060
55073,11450
55075,11843
55079,12236
55079,18659
55079,21855
55079,14088
55079,15128
55079,33403
55079,628088
55079,19513
55079,14116
55079,20958
55079,49366
55079,63221
55079,14272
55087,56177
55087,14490
55087,11982
55089,18885
55097,23006
55101,20999
55101,20084
55101,84298
55105,35573
55105,52133
55117,49676
55127,10170
55131,13658
55131,23916
55133,35184
55133,26840
55133,16813
55133,33592
55133,10993
55133,56958
55139,14638
55139,13975
55139,23219
55139,55006
55141,18859
55141,18245
,14732
,14507
,14917
,26623
,16901
,33830
,33497
,265968
,22658
,13367
,11290
,48761
,53589
,20123
,13220
,12200
,36426
,10395
,11838
,42523
,10795
,22922
,39788
,15280
,159789
,10283
,13553
,14904
,196278
,187106
,19810
,17366
,22122
,12922
,25312
,10987
,19587
,34311
,11138
,11751
,13786
,23755
,10380
,12520
,18175
,17988
,13051
,77759
,12257
,19749
,226338
,11249
,30843
,26751
,18100
,16169
,21951
,19082
,90533
,12822
,45857
,14013
,10030
,29188
,148134
,13231
,12722
,24363
,288091
,11627
,19489
,11671
,50618
,983403
,26455
,130069
,32983
,38126
,15997
,141865
,405390
,54923
,10014
,18177
,11257
,22906
,14380
,26481
,23146
,42099
,13364
,72798
,32462
,29101
,46535
,175795
,11151
,61741
,18540
,57140
,24692
,21260
,15180
,18893
,29941
,10420
,22631
,14979
,28259
,20390
,76459
,12277
,16327
,82106
,12215
,42658
,266406
,62195
,46079
,48290
,15197
,92040
,14378
,15464
,16590
,23138
,22282
,10592
,14232
,41333
,174820
,69330
,20570
,21472
,14377
,34365
,61815
,42355
,24127
,24437
,102724
,31971
,15116
,12542
,13670
,18923
,32873
,68784
,93643
,26801
,18633
,52303
,11897
,36048
,10373
,11299
,10171
,63126
,48702
,13747
,83995
,30727
,48619
,30085
,26314
,53240
,11088
,40079
,59682
,27608
,135163
,107439
,32503
,11804
,50323
,16896
,40213
,12135
,90454
,111348
,13364
,76095
,26540
,96357
,43207
,22817
,38793
,40263
,42655
,92311
,31896
,31306
,46209
,22762
,11668
,53672
,12743
,10401
,91444
,20688
,23229
,14898
,17611
,126379
,23451
,12736
,88693
,31384
,22869
,17483
,106209
,18583
,15223
,62685
,55386
,108635
,27025
,77211
,26867
,22095
,11992
,57147
,24330
,29802
,87535
,17135
,28176
,53691
,173339
,354202
,114144
,49847
,143050
,31487
,12663
,180038
,47828
,10946
,11656
,52354
,30897
,13639
,71349
,111498
,36094
,16829
,18219
,50418
,34439
,10667
,19212
,181519
,56065
,26512
,36793
,109602
,110330
,20395
,19378
,16968
,23501
,23170
,46731
,44400
,51266
,18285
,39412
,73557
,52931
,40452
,11517
,97291
,15392
,36955
,11215
,10986
,11070
,30897
,27331
,23984
,13622
,22757
,13033
,15212
,56741
,51874
,17400
,19382
,37649
,429433
,11676
,26303
,3485398
,14519
,27357
,61945
,10749
,29281
,32063
,40773
,26436
,31808
,12324
,27850
,28040
,56216
,20412
,13038
,50686
,15786
,72820
,164730
,35761
,28434
,59564
,31954
,60738
,25494
,15852
,118779
,23928
,67460
,61842
,54249
,37861
,66643
,23302
,10301
,13912
,42105
,94279
,47585
,11961
,372242
,18374
,128398
,26553
,133179
,110658
,26266
,16642
,11960
,142216
,37670
,16117
,68842
,23252
,40181
,55900
,13512
,25408
,47669
,31903
,131591
,21460
,43184
,59177
,10602
,17460
,47564
,41259
,31585
,50553
,131723
,29563
,20319
,43516
,13040
,48731
,101409
,41659
,11390
,12363
,66462
,60394
,60167
,66072
,15791
,72388
,87425
,27725
,226505
,19033
,36326
,51638
,22851
,44685
,42647
,24367
,369365
,108777
,11743
,164164
,38961
,92575
,26167
,41100
,1110549
,32397
,22580
,723959
,37120
,16839
,16210
,782248
,26183
,68223
,19987
,41958
,38974
,12959
,85486
,25158
,48404
,35303
,293742
,85571
,93613
,110642
,49040
,15520
,61284
,86905
,25062
,113313
,52902
,28061
,25098
,38901
,14757
,10762
,100217
,12962
,20850
,86284
,21586
,23936
,54312
,17814
,49514
,55331
,18097
,30491
,210943
,22686
,14930
,117229
,27099
,31100
,104352
,133107
,33558
,33249
,42198
,50689
,24358
,11821
,10606
,14599
,53762
,63374
,71479
,18735
,109199
,40674
,11769
,13713
,75636
,71872
,29105
,60569
,14722
,12412
,31099
,20143
,96086
,36118
,78118
,31044
,17453
,20254
,28898
,24164
,77671
,10411
,32772
,13371
,39802
,52422
,27437
,32824
,13701
,11069
,89235
,222103
,83312
,14203
,24638
,12687
,24392
,11160
,12671
,281140
,23969
,16466
,467610
,12430
,29387
,11309
,87758
,13116
,29034
,60536
,10181
,24391
,14548
,126481
,33685
,51555
,12361
,37352
,27195
,98640
,23822
,16636
,43087
,10362
,55031
,10218
,74625
,29419
,18403
,141686
,60640
,30934
,10013
,65585
,18130
,12199
,50452
,26144
,139739
,59479
,42762
,48168
,30625
,75491
,130474
,29208
,28540
,22249
,78331
,37391
,12830
,35418
,108056
,12198
,49389
,33687
,32000
,17827
,108961
,60110
,54021
,24407
,25651
,14746
,12358
,15307
,27630
,25098
,10163
,71529
,606900
,34879
,13512
,11636
,14914
,14716
,21860
,17062
,15606
,16177
,19386
,13912
,17754
,61492
,13600
,46194
,43779
,57985
,21624
,15607
,14148
,12253
,74991
,53331
,15051
,18911
,98784
,17722
,12123
,27485
,13159
,20791
,40091
,79443
,23255
,16201
,21268
,10491
,13024
,47217
,61921
,46325
,16491
,47181
,50828
,34012
,22951
,15337
,14580
,12356
,15025
,16362
,12967
,13192
,26301
,12218
,10638
,149377
,45206
,36830
,21471
,84770
,15637
,14823
,14148
,25474
,12362
,16318
,18683
,11622
,11727
,11683
,30996
,10897
,11686
,188004
,13818
,11507
,19360
,11141
,121697
,26866
,14120
,13531
,17839
,635230
,17136
,24986
,48524
,87271
,11336
,24832
,12422
,30050
,10005
,70576
,15973
,29137
,28564
,65674
,27341
,49708
,21748
,14903
,13611
,19379
,10378
,22290
,11636
,13316
,10552
,42985
,59646
,32886
,358548
,92639
,12750
,10084
,13268
,40663
,17402
,19505
,14044
,16543
,10507
,22109
,30027
,26506
,49998
,35359
,13422
,11343
,11973
,26326
,15388
,42045
,12778
,15519
,37792
,15283
,164693
,29721
,11114
,10201
,62632
,22965
,14287
,12293
,50256
,13691
,34378
,65452
,58165
,15576
,35322
,43426
,15518
,66692
,22754
,72411
,17915
,41535
,35317
,55866
,10747
,27639
,16023
,14589
,15124
,11692
,12453
,238629
,11785
,14214
,32387
,50961
,16088
,14588
,10205
,20398
,12482
,10404
,30030
,10249
,11951
,31117
,11936
,11772
,64407
,15810
,13909
,124773
,44822
,33845
,280015
,17906
,16444
,39394
,60946
,23760
,16922
,17350
,16973
,16040
,23026
,20670
,29883
,33575
,67643
,10347
,22107
,11522
,11804
,24725
,22242
,22151
,18945
,78122
,13002
,16512
,45734
,394017
,44639
,10712
,18089
,16433
,29491
,16029
,12035
,20457
,178681
,10321
,10026
,21761
,17336
,10464
,11635
,12174
,16312
,26302
,34402
,13713
,16925
,14617
,13774
,11354
,17885
,21347
,21603
,25597
,16848
,11403
,25725
,106612
,44129
,33731
,17727
,14865
,11025
,12497
,27812
,13936
,14170
,19027
,24376
,30326
,47923
,12026
,67842
,137560
,30981
,12084
,55998
,15854
,17457
,14215
,25781
,39806
,11078
,43726
,16410
,27637
,11230
,14315
,13408
,37808
,365272
,16889
,36818
,35448
,11662
,11107
,29359
,30993
,19597
,17386
,10688
,29967
,31435
,11812
,125738
,18400
,24563
,43929
,28082
,18519
,28365
,46080
,14302
,27591
,32058
,11663
,18227
,32905
,75460
,99581
,19373
,17076
,42785
,20241
,15958
,17767
,45426
,16614
,51972
,21203
,40843
,13934
,10792
,14402
,18876
,36427
,27600
,17550
,37840
,13922
,27033
,31716
,23049
,10043
,14274
,63502
,20398
,2783726
,33072
,13643
,67436
,22446
,15431
,10643
,10823
,24512
,33828
,18341
,83885
,17327
,34925
,53223
,15144
,23930
,46858
,20147
,21378
,40944
,14579
,11851
,77010
,33429
,42029
,23206
,73233
,20874
,14351
,14918
,18485
,25840
,33530
,12617
,27973
,24944
,37093
,14054
,32862
,13701
,32895
,29771
,13334
,10857
,13021
,30575
,16029
,46561
,19278
,19324
,76836
,11137
,27575
,12969
,15362
,12861
,17836
,14947
,28086
,19174
,15418
,11365
,19512
,39408
,15462
,16177
,19033
,19952
,14545
,13136
,11378
,18441
,27139
,20859
,14372
,43202
,10270
,13799
,22408
,53170
,16988
,21215
,85351
,28284
,40023
,14459
,32308
,34978
,12505
,26203
,56182
,53648
,16073
,35720
,17451
,39253
,11478
,17803
,24656
,36175
,32254
,113504
,11428
,15239
,39681
,17212
,10523
,13671
,11669
,139426
,40552
,22591
,14074
,20819
,16434
,22501
,68586
,11189
,59432
,22105
,105227
,15132
,30987
,14121
,11133
,37121
,36344
,15319
,22253
,11333
,10099
,69392
,17301
,14796
,11984
,21228
,51464
,29911
,26690
,12174
,12425
,26256
,11490
,14353
,11208
,19775
,59459
,13817
,13383
,60633
,25380
,19833
,31802
,15550
,13584
,17728
,10923
,33892
,43627
,126272
,173072
,14754
,12907
,116646
,23797
,20241
,11657
,26265
,17916
,84236
,23696
,21822
,16389
,731327
,10030
,21841
,44962
,43764
,13899
,21507
,26763
,12059
,16812
,12006
,32618
,11677
,27257
,33822
,42608
,71035
,19949
,36322
,17753
,17655
,12843
,10433
,29060
,38705
,19926
,15576
,15336
,105511
,13092
,57483
,24414
,19859
,12127
,10968
,10838
,25907
,47198
,18482
,28132
,12392
,27208
,34298
,108751
,29201
,10347
,54315
,95333
,193187
,57546
,25894
,11618
,11340
,59738
,12451
,20403
,25178
,29040
,22881
,14789
,10632
,24488
,80505
,11066
,23500
,66467
,31702
,12762
,10656
,12917
,14699
,21129
,11504
,25512
,12848
,24097
,15427
,17767
,39308
,20604
,149767
,65608
,38495
,19693
,34034
,16573
,12422
,37712
,11821
,16700
,63352
,10667
,111790
,11924
,17775
,23186
,42303
,37993
,119883
,304011
,11931
,23622
,40641
,43264
,12420
,18167
,15979
,16406
,18624
,18861
,21495
,16032
,25968
,11414
,12351
,25945
,14814
,29809
,10444
,23221
,225366
,269063
,16200
,11328
,14439
,21647
,18871
,13603
,18902
,53549
,27256
,25131
,19772
,21155
,10326
,15800
,15535
,10733
,22840
,15799
,11187
,49188
,13233
,13916
,219531
,15876
,14280
,52721
,31860
,13983
,14091
,11162
,10911
,17208
,15871
,21222
,30495
,14521
,11305
,72033
,94440
,70580
,24194
,36671
,10395
,149428
,13661
,54909
,14531
,16609
,31828
,496938
,18151
,12251
,14800
,20027
,13429
,198525
,24124
,20125
,23787
,14035
,12614
,14096
,11218
,24309
,21325
,33181
,20710
,14683
,39757
,64358
,10550
,15181
,10296
,23163
,17173
,16121
,13087
,13524
,10228
,33187
,19750
,20261
,45494
,736014
,14880
,26421
,14476
,62936
,37589
,10987
,12046
,11514
,16392
,25578
,35233
,31309
,19987
,18668
,18819
,21927
,75883
,11032
,12781
,23706
,65800
,14187
,23903
,12953
,41396
,40872
,19828
,16355
,16731
,12509
,24032
,40148
,39542
,41145
,37305
,11528
,21096
,14416
,35445
,10318
,17136
,13864
,11084
,13269
,17474
,16792
,15509
,19438
,25240
,16442
,10132
,24616
,22547
,12593
,32315
,12002
,29656
,15008
,18456
,12833
,23019
,12137
,35794
,31617
,10054
,10012
,22723
,24815
,45634
,26277
,16145
,19314
,11376
,44835
,18703
,28717
,20592
,24499
,25879
,76046
,27564
,18591
,35111
,16700
,49445
,15058
,10920
,13068
,53720
,18671
,32907
,13817
,12109
,17824
,44630
,38383
,24720
,38195
,574283
,33836
,92788
,54718
,23302
,95802
,32388
,28710
,56632
,24174
,23782
,35701
,92703
,41194
,64994
,20125
,28716
,14016
,51418
,11041
,43704
,14267
,10466
,14120
,70207
,38145
,28974
,15467
,103439
,81245
,11274
,53884
,19971
,31813
,10325
,57407
,28150
,23339
,25725
,27557
,99922
,16317
,82585
,16797
,29289
,16178
,28700
,47039
,48622
,84985
,30093
,22539
,42786
,38091
,25549
,17655
,76210
,13631
,10358
,156983
,22203
,13650
,49832
,24825
,57878
,33284
,11849
,26615
,38372
,27537
,54063
,17654
,20267
,18127
,35943
,169759
,22097
,10066
,31092
,11354
,109592
,17076
,53540
,38936
,14465
,12818
,16960
,10610
,12603
,19997
,42137
,27617
,10104
,57047
,13874
,85866
,11228
,89286
,60838
,1027974
,35283
,10807
,50677
,12180
,13659
,10132
,74652
,25084
,140761
,16690
,13899
,31846
,11951
,189126
,15624
,10092
,12857
,17715
,18372
,14903
,24685
,10230
,20051
,20121
,30745
,11744
,30772
,37446
,17882
,80277
,37826
,127321
,41832
,100850
,32196
,21977
,11216
,38053
,22902
,18405
,23285
,40283
,13176
,12458
,13712
,21755
,32998
,30462
,20216
,16322
,23646
,71166
,41042
,33694
,54387
,11314
,13894
,61766
,22897
,51412
,65410
,69512
,23018
,13987
,68107
,14689
,48655
,75728
,30771
,117810
,10130
,70811
,15155
,20586
,72884
,17279
,144864
,66692
,15614
,19899
,54843
,84724
,11631
,30938
,63891
,24846
,18310
,15216
,17192
,34598
,21907
,11245
,38975
,86335
,12353
,28887
,56381
,51288
,16849
,11732
,11339
,10885
,18910
,52978
,22935
,23788
,85493
,47409
,39311
,46070
,11143
,11265
,17085
,12362
,28335
,20971
,15445
,18046
,16534
,11523
,22477
,24854
,31477
,38736
,30954
,12023
,368383
,48370
,32295
,12541
,22207
,21853
,13132
,14684
,10164
,12376
,18374
,19386
,50889
,11482
,12408
,15134
,35710
,14396
,70745
,33485
,48812
,43787
,272235
,11739
,24587
,20197
,13882
,11041
,19248
,24704
,17531
,25399
,20075
,46319
,11077
,10243
,10062
,19717
,15384
,21847
,23799
,11820
,10088
,45226
,18906
,10864
,40775
,41882
,11809
,196637
,18827
,15804
,11591
,41036
,17837
,19460
,14658
,15676
,25899
,19588
,10633
,11714
,17949
,18458
,30685
,20908
,12427
,21106
,18828
,21816
,10922
,18150
,12450
,40153
,17779
,34438
,10747
,37991
,13874
,69101
,19859
,11234
,12304
,10354
,11598
,22286
,51206
,15863
,10033
,26243
,24967
,18004
,15324
,112301
,35481
,15905
,40961
,435146
,10941
,17152
,27291
,46418
,18005
,20459
,12711
,25407
,10663
,27557
,11290
,12839
,31750
,18698
,17987
,16996
,30601
,10448
,14090
,14489
,54555
,71852
,396685
,45779
,10917
,19800
,17641
,20322
,140494
,40087
,15244
,10704
,22987
,10278
,81151
,22660
,33336
,55097
,10201
,24569
,11917
,42918
,10317
,12354
,30982
,19480
,23680
,39386
,22837
,24396
,191972
,21476
,22605
,10883
,335795
,10372
,13711
,12567
,40443
,11087
,14736
,64942
,258295
,47707
,124682
,133850
,53367
,51726
,95362
,11391
,23365
,11824
,13902
,36006
,20446
,25042
,22430
,15743
,12183
,10114
,99567
,79662
,25925
,26630
,11249
,16799
,37986
,15504
,61444
,34213
,12603
,24458
,11980
,45061
,66473
,18942
,11354
,11429
,87492
,19025
,12053
,69319
,14583
,14629
,20393
,71742
,15289
,18238
,22624
,15115
,17187
,43548
,73552
,13800
,88680
,110002
,17623
,24850
,34185
,30548
,10733
,14392
,10205
,31997
,10742
,26727
,15614
,10883
,12649
,37049
,11628
,12208
,11538
,13425
,11488
,17084
,13279
,21044
,33397
,14293
,15586
,59774
,16141
,228537
,11069
,34874
,26095
,10139
,10978
,36701
,18734
,11294
,26609
,22355
,28658
,18262
,15850
,10567
,19211
,21756
,10228
,26873
,12804
,13055
,18630
,25992
,37729
,13242
,16189
,10639
,275221
,41711
,15990
,11439
,13790
,48414
,31287
,18820
,27099
,11997
,15512
,22151
,29925
,14536
,25067
,48478
,58041
,140891
,34733
,12218
,12844
,41967
,15757
,46567
,16027
,18177
,10539
,12016
,25325
,13228
,10636
,12454
,24152
,12623
,10603
,20314
,12805
,17790
,13296
,34986
,21160
,14061
,22070
,11216
,11632
,16390
,20489
,13692
,13420
,11781
,19757
,37825
,13326
,12361
,10177
,88675
,50024
,58012
,11005
,13597
,54780
,10828
,47025
,12385
,10422
,28870
,11166
,25430
,38125
,39103
,10982
,10446
,10891
,36291
,17434
,10904
,15372
,27596
,384736
,10610
,24952
,30954
,10970
,33997
,19154
,29115
,62126
,14753
,11455
,12507
,10690
,32505
,44654
,55859
,10683
,35701
,101082
,20714
,11948
,31258
,12249
,22719
,16310
,21279
,13243
,16438
,15761
,53008
,45218
,34455
,328123
,10725
,26720
,26028
,84387
,16825
,36124
,20769
,30111
,11938
,19801
,28840
,17673
,25849
,13989
,18537
,14325
,19550
,36909
,20411
,20195
,10152
,33724
,28612
,10916
,13531
,12602
,12266
,14842
,15947
,11578
,28205
,10436
,39894
,12929
,21686
,14995
,14143
,24149
,15023
,16656
,15632
,13208
,10442
,23308
,19750
,49453
,40174
,25273
,14972
,18243
,28247
,52322
,18924
,29541
,34681
,14118
,13141
,16890
,17180
,17773
,23095
,20585
,18997
,11940
,10131
,53286
,26879
,24426
,33510
,10822
,19208
,17325
,22018
,18044
,11719
,13778
,10293
,21274
,12586
,23042
,24160
,18994
,13986
,67153
,14065
,10712
,26454
,10257
,33673
,67265
,7322564
,61840
,13849
,18081
,12799
,19707
,10563
,19365
,12113
,14359
,34989
,14574
,12276
,32423
,13521
,16946
,10850
,13954
,22582
,19195
,11060
,15314
,19536
,26207
,21255
,24728
,15387
,10251
,28844
,11734
,231636
,24727
,10753
,44350
,20391
,15030
,21228
,14936
,12703
,12226
,25001
,16550
,16987
,65566
,15597
,20608
,13634
,22936
,25638
,15377
,21802
,13726
,10587
,11055
,18967
,163860
,10739
,10275
,17284
,65284
,54269
,20328
,68637
,33946
,18567
,29429
,11061
,42410
,13060
,17689
,28419
,47866
,48718
,15578
,188082
,14939
,16362
,61607
,12915
,39498
,36716
,11553
,43858
,38719
,395934
,27347
,136611
,15238
,14292
,75695
,34744
,14967
,54732
,40709
,10426
,183521
,44972
,20268
,15655
,28301
,69496
,30013
,29696
,10836
,25295
,11643
,14192
,16581
,18601
,13651
,11567
,16127
,15085
,17363
,207951
,12183
,15722
,48997
,23087
,14475
,14669
,17567
,11037
,15915
,55530
,36930
,143485
,49256
,16097
,74111
,49425
,15571
,15177
,34544
,12287
,13131
,223019
,23376
,10332
,20079
,21633
,21265
,32371
,15066
,27623
,17000
,10677
,33626
,14822
,12131
,12142
,19051
,13088
,10080
,11860
,38596
,28176
,11818
,11748
,12219
,11706
,22865
,28230
,13496
,11748
,10038
,84161
,21082
,21923
,364040
,11666
,505616
,54052
,632910
,13241
,12193
,48950
,182044
,16768
,20030
,11329
,16366
,33096
,21161
,13654
,56746
,11432
,54875
,31300
,39729
,18028
,35703
,13096
,18609
,14983
,11026
,17648
,27791
,11859
,31739
,11304
,12863
,19661
,61368
,11796
,38696
,12751
,28835
,60569
,59718
,34507
,10453
,45549
,71245
,15982
,50627
,27089
,15026
,34075
,11452
,31007
,15561
,19847
,19231
,47358
,17834
,14702
,46022
,14550
,44389
,15698
,21128
,11471
,14748
,11002
,34204
,21564
,23197
,10337
,11477
,14731
,23674
,18334
,13242
,18937
,15699
,87876
,21448
,12551
,20612
,13373
,22676
,12069
,12038
,25748
,20410
,12233
,29764
,12339
,30831
,13153
,11607
,18710
,18548
,23866
,10621
,70487
,22125
,27702
,35308
,12284
,17301
,14870
,18604
,332943
,19478
,14790
,34128
,11353
,13882
,10891
,11127
,15718
,50793
,15745
,12983
,14403
,30269
,27018
,20572
,12430
,14558
,20510
,15269
,11199
,22191
,14869
,24664
,95732
,26778
,15820
,21910
,23079
,34256
,20075
,58043
,14988
,13280
,23928
,21732
,12823
,52315
,10428
,15414
,45309
,12107
,10518
,80561
,16370
,13142
,52267
,40318
,37708
,10434
,80071
,444719
,13441
,11151
,26359
,15346
,18074
,26017
,36676
,10398
,10353
,367302
,10124
,12340
,20935
,29462
,34284
,18591
,16234
,10069
,53310
,20469
,11060
,15076
,44757
,112669
,13559
,12156
,10152
,17488
,68235
,14318
,11480
,10040
,37520
,21884
,17737
,11766
,30576
,10950
,17894
,46951
,18692
,13086
,12576
,15348
,14698
,15126
,437319
,28756
,17032
,107786
,12834
,44683
,29344
,15013
,16367
,13404
,13374
,105090
,51881
,12646
,21923
,10687
,10976
,33823
,71428
,12439
,10823
,10405
,10930
,15714
,10664
,18419
,10187
,16647
,41856
,11038
,13777
,10701
,11140
,10955
,29744
,15403
,13324
,26276
,11157
,12133
,108718
,10109
,13127
,16318
,15568
,14399
,52376
,11763
,24730
,15300
,11860
,15051
,15174
,11221
,28134
,18406
,14507
,55551
,16362
,11712
,24800
,55362
,12251
,28781
,26016
,14318
,33362
,13158
,29169
,17240
,12267
,13229
,28334
,15894
,30749
,12302
,11949
,51430
,1585577
,15066
,369879
,25609
,21831
,16603
,28705
,78380
,10830
,33482
,17118
,81805
,30533
,17493
,14292
,24160
,38923
,11591
,10637
,12034
,19692
,11122
,15864
,18041
,23644
,15209
,14451
,47523
,21080
,31933
,16325
,10151
,11980
,42192
,15849
,21625
,17637
,76060
,50380
,28227
,11080
,32090
,72644
,160728
,11175
,85427
,16477
,29268
,43877
,19872
,26184
,13535
,11163
,80414
,11096
,98052
,11839
,15195
,29813
,13145
,13891
,24692
,58282
,20807
,10322
,13176
,23694
,11280
,13540
,11587
,30108
,24848
,10542
,15351
,70218
,13739
,11072
,41643
,25692
,15722
,11708
,10426
,43467
,22519
,41943
,19619
,20014
,10588
,24927
,16270
,12448
,13798
,12906
,54523
,100814
,10034
,17592
,12703
,12054
,26989
,10953
,16392
,23421
,10019
,152466
,75494
,30354
,14427
,28583
,21744
,16317
,11594
,21101
,11931
,12793
,20098
,18794
,32893
,11219
,13532
,32188
,48949
,49381
,36365
,165121
,10412
,15208
,11194
,19208
,610337
,12255
,17866
,21385
,44922
,488374
,27310
,12322
,14049
,13647
,11227
,16761
,10513
,106654
,11133
,19788
,18309
,19220
,157615
,10678
,17140
,261721
,10967
,465622
,17406
,18170
,63850
,114323
,43762
,13547
,13842
,12476
,19564
,23093
,15675
,11952
,98962
,18387
,55002
,10145
,16113
,11365
,82169
,19976
,25564
,22205
,18230
,52456
,12724
,27610
,16881
,24079
,257453
,22911
,1006877
,27652
,30705
,21505
,66270
,30544
,12652
,12871
,35748
,20651
,29885
,10511
,515342
,13883
,38149
,24250
,18327
,15527
,11482
,13915
,35580
,447619
,11389
,22814
,14256
,10033
,59070
,180650
,11492
,14842
,99616
,29202
,23071
,16513
,32856
,12841
,48735
,11139
,14745
,1630553
,12060
,27925
,33574
,155037
,12765
,15206
,13683
,17384
,11066
,63535
,25276
,37397
,22776
,14120
,10809
,22117
,27910
,122899
,30159
,13986
,46521
,10023
,70311
,186206
,30206
,84021
,21283
,15607
,23682
,12694
,101484
,89443
,14870
,28653
,24945
,36176
,12291
,30872
,16192
,27334
,45895
,89699
,19381
,18042
,19959
,24699
,119363
,18697
,12069
,32921
,21700
,128713
,58724
,12224
,10886
,12974
,74840
,12849
,10486
,20183
,30923
,23260
,84474
,935933
,20125
,10815
,28743
,10555
,18853
,31601
,12195
,22995
,14207
,33111
,13502
,24529
,14062
,11967
,11472
,46109
,12490
,31656
,40822
,22113
,29205
,75450
,13057
,22259
,14729
,12001
,55076
,10935
,103590
,20009
,18168
,14804
,21877
,16568
,12920
,15472
,96259
,15696
,36659
,15644
,10527
,13443
,11500
,21435
,28766
,17476
,21184
,14095
,13961
,28374
,41784
,32762
,17829
,11886
,32230
,31282
,11668
,63909
,67561
,13476
,86835
,11261
,24603
,28502
,159936
,75058
,12220
,12105
,10129
,11272
,13950
,52351
,13887
,13684
,42892
,86976
,39127
,18230
,12809
,111183
,50975
,170936
,19507
,34590
,16413
,18426
,57734
,24053
,26585
,29337
,40341
,151976
,14986
,15004
,16064
,47170
,53056
,11850
,19622
,12989
,19882
,19027
,11880
,19997
,133793
,30707
,16139
,13823
,13305
,23101
,15491
,14710
,25782
,23862
,12081
,13011
,16202
,13041
,15385
,66049
,38168
,11700
,27957
,16162
,22027
,11399
,27485
,17965
,170045
,261229
,24610
,38386
,11005
,103907
,15940
,48556
,203056
,96397
,12675
,23756
,23706
,24461
,20512
,52141
,10314
,42629
,13124
,14852
,393069
,18549
,28126
,11530
,21947
,13133
,26401
,16565
,22945
,11451
,33102
,86874
,52179
,12345
,38142
,12514
,25089
,30107
,12101
,24321
,17283
,42696
,13218
,12539
,30744
,12197
,12361
,11236
,69961
,11249
,67554
,22224
,29132
,11820
,42155
,37960
,14259
,40052
,19279
,14402
,14290
,58412
,31499
,28695
,10155
,10328
,20816
,11235
,19320
,17647
,14736
,13832
,23236
,18711
,17176
,33840
,22326
,12956
,18670
,20882
,20337
,13940
,17710
,23478
,23875
,35800
,41688
,32315
,26037
,15337
,13951
,11989
,22694
,516259
,24474
,12963
,15001
,177196
,11238
,176664
,11874
,27701
,46380
,26478
,21756
,12453
,20531
,23654
,54827
,18296
,12756
,57287
,18059
,10878
,20210
,54844
,14073
,25879
,10753
,33862
,11194
,13645
,10862
,22124
,34882
,14431
,65695
,16376
,14196
,35573
,35184
,12236
,12727
,18659
,16569
,56856
,15648
,37757
,10227
,21855
,13658
,14088
,96466
,15128
,33403
,52133
,11982
,80352
,51003
,191262
,32520
,11843
,19291
,14711
,26840
,13547
,18885
,13289
,628088
,10241
,16813
,23219
,33592
,19513
,10993
,11284
,55006
,11961
,84298
,10610
,49676
,14116
,20958
,23006
,15333
,27134
,13030
,19142
,56958
,37060
,49366
,63221
,23916
,14272
,12636
,18245
,46742
,50008
,10903
,17635
,12711
,26687
,19050
,13900
,119655
,112561
,874304
,480577
,131556
,686688
,130542
,187547
,226338
,130669
,145196
,116034
,315121
,174821
,156267
,2833511
,319416
,396809
,781572
,543477
,2382172
,88745
,528264
,135982
,361226
,127780
,161378
,113419
,197125
,264497
,907810
,83831
,108978
,129180
,205775
,4171643
,211707
,189731
,260120
,121862
,1189288
,108213
,131439
,394106
,61226
,168767
,173025
,506875
,250454
,1162093
,131107
,433210
,73142
,8065633
,182120
,1744124
,169439
,2759823
,397014
,112379
,453331
,243072
,1377419
,349894
,101643
,3885415
,108711
,350861
,951270
,370712
,131556
,117206
,1848319
,392928
,4665236
,130964
,86403
,239971
,137543
,591610
,156198
,95195
,56735
,275572
,282912
,278990
,153296
,274566
,113409
,102797
,430459
,131327
,114344
,186136
,335113
,251071
,175911
,143776
,363811
,667490
,99840
,204111
,118539
,70683
,688399
,77691
,131821
,194594
,942091
,640861
,121393
,587986
,1085837
,221700
,836231
,182842
,3711043
,312529
,238912
,1249822
,96119
,149756
,395396
,77982
,906727
,149838
,141895
,139510
,436047
,241247
,134910
,223411
,96255
,1566280
,255301
,604816
,96946
,97904
,208740
,130598
,168134
,405382
,422822
,432674
,133239
,135510
,741459
,81798
,111486
,88141
,348428
,154340
,213641
,513117
,162431
,14531529
,952662
,222636
,142199
,281103
,367085
,147809
,126137
,383545
,146389
,398978
,981747
,178403
,3192582
,106611
,1607183
,2464124
,476923
,370522
,142191
,292517
,119659
,158983
,152099
,985026
,175641
,530180
,266819
,1238816
,18087251
,1396107
,194833
,118934
,958839
,161238
,618262
,1072748
,87189
,126994
,149169
,115243
,344406
,339172
,5899345
,2122101
,85487
,2242798
,79250
,215281
,1477895
,223578
,259462
,1141510
,263590
,123051
,735480
,81343
,336523
,147036
,254667
,150033
,865640
,224477
,106470
,1002410
,283719
,1481102
,399320
,190921
,83083
,2444099
,278024
,355660
,1072227
,98458
,1302099
,2498016
,6253311
,369608
,117043
,277776
,242622
,734175
,2559164
,121003
,103877
,95021
,334341
,115018
,123809
,247052
,361364
,189550
,240593
,529519
,123786
,142523
,480628
,659864
,233598
,2067959
,130812
,120132
,614128
,160976
,666880
,708954
,150522
,151309
,316633
,74361
,311921
,189123
,3923574
,221629
,146611
,115400
,863518
,159301
,485270
,122378
,118710
,120284
,436905
,188823
,417848
,492619
,122643
,106895
,119655
,112561
,874304
,480577
,131556
,91607
,595081
,130542
,187547
,226338
,130669
,145196
,116034
,315121
,174821
,156267
,2833511
,319416
,275869
,120940
,781572
,543477
,2382172
,88745
,528264
,135982
,361226
,127780
,161378
,113419
,197125
,264497
,907810
,83831
,108978
,129180
,205775
,3871990
,299653
,211707
,189731
,260120
,121862
,1189288
,108213
,131439
,394106
,61226
,168767
,173025
,506875
,250454
,1030596
,131497
,131107
,113951
,319259
,73142
,7332926
,604526
,128181
,182120
,38835
,283486
,1421803
,68941
,100498
,2759823
,397014
,112379
,453331
,46860
,196212
,1377419
,349894
,74946
,26697
,3885415
,108711
,199882
,150979
,951270
,370712
,131556
,117206
,1848319
,392928
,4665236
,130964
,86403
,198213
,41758
,137543
,591610
,156198
,95195
,56735
,275572
,282912
,235946
,43044
,50422
,102874
,274566
,113409
,102797
,430459
,131327
,114344
,186136
,335113
,251071
,142083
,33828
,143776
,363811
,667490
,99840
,204111
,118539
,70683
,688399
,77691
,131821
,194594
,942091
,640861
,121393
,587986
,1085837
,221700
,836231
,182842
,3711043
,112232
,61834
,138463
,238912
,1249822
,96119
,149756
,395396
,77982
,906727
,149838
,141895
,139510
,348530
,87517
,241247
,134910
,223411
,96255
,604884
,961396
,255301
,604816
,96946
,97904
,208740
,130598
,168134
,405382
,422822
,432674
,133239
,135510
,741459
,81798
,111486
,88141
,348428
,154340
,213641
,513117
,162431
,14531529
,182071
,770591
,222636
,142199
,281103
,367085
,147809
,126137
,383545
,146389
,398978
,49939
,67910
,863898
,178403
,3192582
,106611
,1607183
,2413873
,50251
,476923
,370522
,142191
,292517
,119659
,158983
,152099
,985026
,175641
,530180
,238341
,28478
,1238816
,961524
,5662022
,11463705
,1396107
,194833
,118934
,958839
,161238
,82628
,535634
,1072748
,87189
,126994
,62254
,86915
,115243
,344406
,339172
,441946
,71347
,1657143
,3728909
,2122101
,85487
,2242798
,79250
,215281
,1239842
,238053
,48936
,174642
,259462
,241874
,899636
,263590
,123051
,735480
,81343
,336523
,147036
,254667
,150033
,865640
,224477
,106470
,1002410
,283719
,1481102
,399320
,190921
,83083
,588995
,1855104
,278024
,355660
,1072227
,98458
,1302099
,2498016
,6253311
,369608
,117043
,277776
,242622
,734175
,2559164
,121003
,103877
,95021
,334341
,98276
,16742
,123809
,247052
,361364
,189550
,240593
,529519
,123786
,80298
,62225
,480628
,659864
,233598
,2067959
,130812
,38467
,81665
,614128
,160976
,666880
,708954
,150522
,151309
,316633
,74361
,311921
,189123
,606900
,1789029
,1527645
,221629
,146611
,115400
,863518
,71074
,88227
,485270
,122378
,118710
,120284
,436905
,188823
,417848
,492619
,122643
,106895
,657575
,2410556
,282937
,356884
,186093
,1278440
,2870669
,225339
,191707
,443722
,79488
,189478
,968532
,6069974
,1452645
,1831122
,2553362
,187867
,1622980
,4382299
,157272
,1255488
,1332053
,217399
,604526
,291479
,767841
,3301937
,553099
,389650
,128181
,516418
,393516
,271126
,8863164
,273067
,1937094
,1019835
,90320
,1432149
,986327
,180557
,2609212
,148188
,8546846
,1824321
,220756
,127378
,2082914
,307647
,669016
,329384
,4856881
,2056705
,1239842
,654854
,175034
,2588793
,264356
,1603678
,1497577
,229734
,388222
,1972961
,202557
,586203
,325824
,451186
,238053
,138053
,578587
,657575
,2410556
,282937
,356884
,186093
,1278440
,2870669
,225339
,191707
,443722
,79488
,189478
,968532
,6069974
,38835
,283486
,1130324
,1831122
,2553362
,187867
,1622980
,4382299
,139621
,17651
,1255488
,1332053
,217399
,604526
,291479
,767841
,3301937
,553099
,389650
,128181
,516418
,283828
,109688
,271126
,8863164
,263659
,9408
,1937094
,1019835
,90320
,1432149
,986327
,180557
,2609212
,148188
,8546846
,1824321
,220756
,127378
,2082914
,307647
,669016
,102253
,227131
,1127972
,3728909
,2056705
,1239842
,654854
,175034
,2588793
,264356
,1603678
,1497577
,229734
,388222
,1972961
,202557
,586203
,325824
,451186
,238053
,138053
,441946
,71347
,65294
